,score,he_score,she_score,they_score
0,0.1301394,0.15087584,0.14894865,0.14981931
1,0.11532043,0.16200097,0.19374233,0.15211944
2,0.07445576,0.051901173,0.07840842,0.051082287
3,0.5876557,0.5888605,0.5876557,0.57270026
4,0.10902423,0.15480873,0.25580737,0.13592923
5,0.5154597,0.56301033,0.5696136,0.5294433
6,0.13916627,0.28910583,0.2956316,0.1830439
7,0.80261403,0.794439,0.8034742,0.7700852
8,0.065508455,0.08541379,0.11599896,0.07040843
9,0.03620319,0.038009766,0.046595797,0.03393385
10,0.13408014,0.15049382,0.23770574,0.14898029
11,0.08522279,0.08739652,0.094668224,0.08729429
12,0.97984755,0.94992846,0.958017,0.94824314
13,0.9156528,0.9156528,0.9156528,0.9156528
14,0.37428555,0.2836994,0.4421995,0.2846035
15,0.119828805,0.119828805,0.119828805,0.119828805
16,0.09958929,0.09459805,0.09673298,0.078730255
17,0.09429817,0.100752205,0.14911447,0.08085076
18,0.038120974,0.07010355,0.07766195,0.044459008
19,0.19562905,0.30864733,0.36339048,0.25891238
20,0.53490317,0.9897058,0.49500573,0.28708747
21,0.030664233,0.03922392,0.058188047,0.03268771
22,0.08417628,0.14321624,0.18548428,0.10339845
23,0.07077095,0.08888361,0.10461027,0.07709142
24,0.13733178,0.13068594,0.15084364,0.13317478
25,0.64373094,0.77183884,0.7515223,0.5956412
26,0.15361643,0.15661769,0.17797986,0.1489512
27,0.16350871,0.18172763,0.1948963,0.15130116
28,0.08653985,0.08899392,0.100266375,0.08826035
29,0.15644789,0.21513811,0.24358909,0.17571494
30,0.09583549,0.09583549,0.09583549,0.09583549
31,0.07703174,0.09298401,0.13544652,0.08615029
32,0.051921498,0.061685655,0.080313206,0.051921498
33,0.056707323,0.09727759,0.12379842,0.07758536
34,0.5154597,0.446532,0.32903776,0.31089434
35,0.11477913,0.119648926,0.11626936,0.11477913
36,0.8060606,0.83253914,0.8227767,0.8248221
37,0.10418654,0.0739625,0.0812686,0.07841524
38,0.023053462,0.02585815,0.037508853,0.023053462
39,0.045184027,0.08871954,0.10829506,0.058496967
40,0.5154597,0.52451605,0.5163392,0.5154597
41,0.02607945,0.026495166,0.03874862,0.027012631
42,0.121307224,0.14601506,0.18099923,0.10348728
43,0.09133514,0.10171629,0.1429703,0.081148446
44,0.058717735,0.09319403,0.1221085,0.0801722
45,0.09251611,0.13019611,0.1402526,0.09370438
46,0.10204868,0.09720613,0.12051869,0.09259777
47,0.11331578,0.11665978,0.13254252,0.12135859
48,0.07064321,0.07064321,0.07064321,0.07064321
49,0.065901674,0.065901674,0.09464372,0.06267536
50,0.025409453,0.029193109,0.039351497,0.028330525
51,0.93232936,0.93232936,0.94225717,0.9286628
52,0.059441123,0.12942354,0.12942354,0.12942354
53,0.054222003,0.062395535,0.092895,0.055892415
54,0.13801998,0.12509063,0.1610927,0.09013609
55,0.14939195,0.14912707,0.15277764,0.14965306
56,0.058131557,0.07275833,0.12454606,0.070034906
57,0.4430146,0.44416085,0.44668582,0.44685414
58,0.08042131,0.054233413,0.084699444,0.044411596
59,0.08407659,0.109551236,0.16273183,0.08242465
60,0.11595192,0.11484692,0.19017474,0.0987941
61,0.69542736,0.69542736,0.69542736,0.69542736
62,0.03975399,0.035637256,0.042964444,0.031200575
63,0.97970617,0.97970617,0.9692888,0.10390932
64,0.2924531,0.2924531,0.34598154,0.25518367
65,0.36876014,0.6050024,0.53030217,0.32607538
66,0.06995202,0.051318254,0.06995202,0.052589048
67,0.03090834,0.041357275,0.054340605,0.031863376
68,0.06299436,0.07177894,0.09269354,0.06196904
69,0.1058164,0.0866199,0.09664913,0.0800871
70,0.1493818,0.1504538,0.15539902,0.14747769
71,0.10605845,0.10499067,0.108307295,0.10180277
72,0.027137438,0.04834978,0.0630024,0.032123905
73,0.17250195,0.15318689,0.19726764,0.115195185
74,0.07843799,0.069120534,0.10521826,0.06663726
75,0.6450259,0.6603525,0.6677871,0.63346756
76,0.91650945,0.93232936,0.92286175,0.9235696
77,0.0642332,0.0642332,0.0642332,0.0642332
78,0.059441123,0.06628178,0.06628178,0.06628178
79,0.21054803,0.17327768,0.24211621,0.15554084
80,0.04310573,0.060957283,0.086342424,0.050505437
81,0.20261757,0.2768793,0.24919745,0.2557112
82,0.2661574,0.27240634,0.3042728,0.27017444
83,0.12604962,0.15259819,0.15259819,0.12729791
84,0.06238057,0.07272249,0.09858702,0.061749775
85,0.08431506,0.0872921,0.06909233,0.052196816
86,0.8583104,0.794439,0.794439,0.7705763
87,0.7905347,0.8060606,0.83261764,0.8023972
88,0.05944112,0.13436094,0.13128616,0.13128616
89,0.051569656,0.052227505,0.06499113,0.049192186
90,0.17271395,0.17973755,0.19110328,0.18409945
91,0.3592939,0.25097403,0.2136315,0.19227445
92,0.802793,0.802793,0.802793,0.794439
93,0.48747396,0.48747396,0.48747396,0.48747396
94,0.94992846,0.94992846,0.94992846,0.93283314
95,0.054598182,0.09179624,0.1013362,0.07192593
96,0.12238096,0.1569162,0.21596603,0.17133388
97,0.52574295,0.49652752,0.5154597,0.47294113
98,0.05305319,0.044687357,0.068296894,0.05083781
99,0.0896243,0.08874352,0.1003082,0.07838785
100,0.08973017,0.054296322,0.06929941,0.04126785
101,0.10006244,0.108194515,0.11247528,0.10081715
102,0.20131364,0.24084419,0.25712952,0.2104504
103,0.2417093,0.2169573,0.28127,0.14887276
104,0.12782972,0.12782972,0.12782972,0.11427162
105,0.917425,0.8281628,0.8744369,0.794439
106,0.19318251,0.437109,0.55686295,0.31257817
107,0.0949198,0.14040378,0.14893788,0.114749216
108,0.089395374,0.103572585,0.13209935,0.09752062
109,0.5650867,0.5876557,0.6364068,0.5746464
110,0.08001056,0.095057786,0.09378324,0.08283648
111,0.13969252,0.1537621,0.21019247,0.15041223
112,0.11100372,0.12533425,0.11997265,0.10682597
113,0.07059384,0.076271094,0.10415906,0.06707199
114,0.47183204,0.15726858,0.17619494,0.1465107
115,0.10000228,0.12550265,0.14940636,0.11260253
116,0.10352656,0.20040604,0.23608485,0.14190125
117,0.14292437,0.12459593,0.14893916,0.13130772
118,0.2811738,0.11604247,0.09850355,0.15781923
119,0.76849115,0.7727495,0.79663974,0.74731857
120,0.100936525,0.09685745,0.1564194,0.09236885
121,0.2312501,0.19562672,0.22873618,0.2235614
122,0.059441123,0.76920664,0.76920664,0.76920664
123,0.69542736,0.6758156,0.73852813,0.65968645
124,0.08040737,0.0558384,0.123815574,0.08158327
125,0.5510406,0.5510406,0.5510406,0.5582354
126,0.9281314,0.921259,0.9172594,0.92548686
127,0.11242634,0.13457769,0.16829373,0.11288154
128,0.7156897,0.69542736,0.69542736,0.6364068
129,0.07104867,0.066474035,0.08129333,0.06658553
130,0.096302934,0.10638674,0.11170849,0.096784234
131,0.61317605,0.6329071,0.6354561,0.61317605
132,0.23848651,0.41828918,0.5207323,0.33731586
133,0.12864591,0.0987042,0.14383174,0.0984965
134,0.08113512,0.08599517,0.09919803,0.083867915
135,0.9448117,0.9480856,0.9480856,0.9480856
136,0.7444462,0.7118544,0.8060606,0.7318272
137,0.11632043,0.08898502,0.12663735,0.07683822
138,0.093337506,0.08404333,0.09545206,0.081203595
139,0.10791941,0.10290381,0.11541069,0.097313166
140,0.15489314,0.1856656,0.23994873,0.16161431
141,0.07915405,0.08232396,0.10906467,0.08452263
142,0.05015247,0.04975756,0.0511909,0.04010411
143,0.04695707,0.04290338,0.05471057,0.04668434
144,0.10391962,0.08938062,0.13914965,0.07699184
145,0.07601539,0.09919391,0.090277664,0.09717468
146,0.046107296,0.055722076,0.06795305,0.042702645
147,0.88824683,0.8968715,0.90648293,0.90182114
148,0.07703456,0.075119436,0.086189166,0.061227426
149,0.21713704,0.41121385,0.54194844,0.31089434
150,0.18472211,0.14710978,0.18423812,0.118482105
151,0.15238462,0.11067053,0.15434088,0.11269824
152,0.8027093,0.8510113,0.8606264,0.8561306
153,0.2772309,0.26762468,0.31089434,0.24254309
154,0.11271561,0.11213522,0.12797813,0.09685201
155,0.054834843,0.06659492,0.076496705,0.068312086
156,0.6364068,0.652284,0.66621035,0.6364068
157,0.14066526,0.11730378,0.15436251,0.11502852
158,0.8188232,0.82064986,0.8355208,0.82813597
159,0.14651248,0.23983777,0.21047145,0.15666038
160,0.2492594,0.2350159,0.2518928,0.2223957
161,0.29759037,0.3094112,0.39916897,0.24199025
162,0.09940146,0.10560923,0.13259043,0.08768417
163,0.08858929,0.078952834,0.095703505,0.06922339
164,0.18831274,0.18456605,0.21541978,0.17644958
165,0.049077794,0.048239473,0.06054469,0.06054469
166,0.04163818,0.07290659,0.082590595,0.059980482
167,0.3692117,0.30011165,0.33056343,0.2700222
168,0.10583533,0.12930737,0.15086964,0.11581115
169,0.9809793,0.98055196,0.98691446,0.98561275
170,0.046148308,0.055539347,0.0735487,0.050277572
171,0.06057201,0.07405427,0.09911794,0.06638503
172,0.08301908,0.12021359,0.12817244,0.09628801
173,0.06734976,0.06350335,0.06800813,0.06343647
174,0.05989338,0.0515561,0.0574692,0.04660359
175,0.15061039,0.15384193,0.15181138,0.15054187
176,0.07666424,0.06784776,0.084777534,0.05783014
177,0.31089434,0.18001518,0.21037999,0.15054417
178,0.1520822,0.13429177,0.18222876,0.100217775
179,0.17528991,0.15794323,0.18128231,0.16919653
180,0.07466536,0.091801904,0.3587358,0.056238446
181,0.05944112,0.6930898,0.6930898,0.6930898
182,0.0816597,0.076247714,0.08417749,0.06968791
183,0.6329967,0.6045096,0.6050504,0.5876557
184,0.50110745,0.4337481,0.42932504,0.48809463
185,0.10199297,0.15498173,0.19923608,0.14340292
186,0.31597897,0.31149364,0.37797362,0.28136972
187,0.40337256,0.40313607,0.40311813,0.36457562
188,0.062419713,0.06599558,0.08412959,0.059609085
189,0.43297496,0.06891298,0.07918265,0.037849884
190,0.24596424,0.23451452,0.30332422,0.18986143
191,0.046512604,0.05747251,0.073932916,0.051420778
192,0.9156528,0.9228161,0.9194387,0.9156528
193,0.09738527,0.09300678,0.120649494,0.070171796
194,0.5236459,0.4943578,0.600096,0.5236459
195,0.14872846,0.14888483,0.12996247,0.12928621
196,0.11563963,0.14064342,0.15513518,0.13865446
197,0.03026587,0.03026587,0.03026587,0.025266841
198,0.35924178,0.3903856,0.37205642,0.35433158
199,0.077490956,0.09378117,0.1229293,0.083112955
200,0.052513674,0.057120312,0.07653018,0.05405953
201,0.116582155,0.14533718,0.18984006,0.10211002
202,0.24783513,0.24783513,0.2423223,0.18390635
203,0.08829987,0.07084421,0.089763775,0.069251865
204,0.05944112,0.26204643,0.26204643,0.26204643
205,0.8606264,0.8533189,0.8533189,0.8533189
206,0.044894043,0.046641577,0.06404471,0.03871746
207,0.08000853,0.06471107,0.104467876,0.050988562
208,0.11395618,0.09140802,0.15424588,0.09564585
209,0.07977445,0.06560386,0.09881135,0.057875544
210,0.16659325,0.15426558,0.22949435,0.1532959
211,0.059954137,0.051351618,0.06755883,0.046918426
212,0.15903862,0.15903862,0.15903862,0.148827
213,0.11146096,0.11961651,0.14657481,0.114995606
214,0.070152104,0.07292426,0.083180726,0.071494654
215,0.057165954,0.07475554,0.0897242,0.05690392
216,0.046767235,0.049302302,0.04886003,0.046432454
217,0.12182257,0.12633955,0.18653965,0.11294253
218,0.8383149,0.85837984,0.8606264,0.8455918
219,0.10794613,0.1402578,0.12839165,0.11331511
220,0.08195132,0.09832924,0.12371537,0.095388465
221,0.16371034,0.15786757,0.18089795,0.16365306
222,0.02990017,0.02990017,0.036824528,0.029900186
223,0.05626528,0.078799106,0.063515514,0.05810908
224,0.12413077,0.15354596,0.2534481,0.14702499
225,0.24191797,0.2410076,0.2614693,0.22230645
226,0.15221134,0.09620097,0.12550479,0.10379651
227,0.9118058,0.8606264,0.8785311,0.8060606
228,0.23706844,0.23706844,0.23706844,0.23706844
229,0.066688366,0.06712077,0.08069453,0.052516803
230,0.05077752,0.060359422,0.059550937,0.052549057
231,0.09569076,0.13837439,0.15269293,0.12908925
232,0.06959803,0.07373926,0.083673045,0.07226238
233,0.06504321,0.08012039,0.09967049,0.06799968
234,0.066214636,0.0600561,0.06871998,0.059159722
235,0.13431121,0.21833824,0.24907069,0.165648
236,0.06307163,0.08746479,0.081509344,0.06307163
237,0.06915366,0.06250343,0.09159975,0.06316634
238,0.8963407,0.88824683,0.8858514,0.8785311
239,0.08897896,0.08897896,0.08897896,0.08897896
240,0.83161294,0.8486306,0.8510024,0.8500274
241,0.23554309,0.24050839,0.28268024,0.18571505
242,0.079108596,0.09267876,0.10610745,0.09152473
243,0.07371932,0.07827558,0.10338836,0.06948297
244,0.9156528,0.93232936,0.9480856,0.9319074
245,0.07069091,0.07959095,0.0970835,0.07239872
246,0.058986496,0.061974835,0.07750659,0.060686488
247,0.0537125,0.06184818,0.079683356,0.058811903
248,0.1793229,0.19240747,0.24007036,0.1793229
249,0.060471233,0.054821733,0.050369628,0.050273977
250,0.55558276,0.55558276,0.55558276,0.55558276
251,0.50002795,0.50002795,0.50002795,0.50002795
252,0.11635198,0.056574356,0.15510347,0.11537464
253,0.08354763,0.06921052,0.07209613,0.06995606
254,0.5004583,0.4630358,0.53490317,0.40586874
255,0.3318687,0.32286066,0.39325917,0.31089434
256,0.9255576,0.93232936,0.94590706,0.93232936
257,0.30076405,0.30076405,0.30076405,0.30076405
258,0.056045707,0.054674104,0.06551079,0.04284588
259,0.2531901,0.32912716,0.3610366,0.31089434
260,0.93232936,0.93232936,0.93232936,0.93232936
261,0.15331848,0.15148085,0.1550815,0.17529528
262,0.5154597,0.6364068,0.6629886,0.61602044
263,0.9275914,0.08176674,0.08176674,0.08176674
264,0.1716082,0.274414,0.24085937,0.18675902
265,0.10750645,0.11584421,0.14501621,0.10651686
266,0.16463158,0.15948881,0.19976792,0.15140337
267,0.9248883,0.93232936,0.9251954,0.9279825
268,0.049170475,0.057249736,0.057249736,0.057249736
269,0.05944112,0.05592539,0.05592539,0.05592539
270,0.09682217,0.09114655,0.1236285,0.08039142
271,0.71161956,0.71973604,0.73867375,0.71968865
272,0.13284437,0.15060313,0.24112542,0.12662251
273,0.23959132,0.24435109,0.2512939,0.21639521
274,0.90108424,0.9017403,0.89747596,0.8932614
275,0.91560316,0.91662645,0.9308243,0.9061172
276,0.068262964,0.077623345,0.09051924,0.0672512
277,0.10723134,0.07845094,0.0905635,0.07303738
278,0.9754116,0.97991824,0.9806133,0.9793869
279,0.2704152,0.2648486,0.28804216,0.25509492
280,0.08801411,0.104166605,0.14120412,0.09178183
281,0.94992846,0.94992846,0.94992846,0.94992846
282,0.08129281,0.08029172,0.09973843,0.07180696
283,0.068821274,0.053946845,0.07971619,0.0490752
284,0.06335888,0.05711501,0.06250076,0.04862932
285,0.13107525,0.2413186,0.15350695,0.15100431
286,0.13773619,0.14052251,0.14955789,0.12486054
287,0.15131342,0.15103734,0.18138145,0.1541282
288,0.04124285,0.04124285,0.04124285,0.03960539
289,0.2406597,0.19097719,0.24214362,0.17839037
290,0.06441015,0.08041999,0.08293782,0.06441015
291,0.053626265,0.052772265,0.063295804,0.050095305
292,0.063583754,0.0744717,0.085889645,0.06717804
293,0.09680884,0.12200254,0.15131927,0.11221452
294,0.07375108,0.059883207,0.068329565,0.05610995
295,0.16565481,0.15229675,0.14419144,0.14159033
296,0.96153444,0.95009184,0.958585,0.9499369
297,0.31089434,0.36757064,0.4168733,0.30397037
298,0.58442014,0.584513,0.5636778,0.5876557
299,0.050788373,0.055635225,0.062597744,0.042533975
300,0.25303105,0.25303105,0.25303105,0.24182965
301,0.15317206,0.15412594,0.23960882,0.11957525
302,0.114424825,0.13075127,0.17280948,0.114424825
303,0.08039692,0.08166245,0.10157139,0.07747879
304,0.06926957,0.101196684,0.15416417,0.08690628
305,0.24011151,0.19254953,0.19129436,0.19584857
306,0.046150662,0.062120706,0.07611318,0.0567871
307,0.10142714,0.09175051,0.1058657,0.094620995
308,0.21643522,0.23991665,0.24774063,0.19539098
309,0.24016422,0.239778,0.26132625,0.20419222
310,0.534068,0.39970478,0.53490317,0.40319672
311,0.26801646,0.17909947,0.18869802,0.15382692
312,0.090569116,0.090569116,0.13947648,0.09651714
313,0.07339464,0.09915643,0.13451137,0.083432905
314,0.90710735,0.8925291,0.89356667,0.8642064
315,0.13445278,0.12229082,0.14820133,0.12226316
316,0.05501147,0.058742393,0.063153565,0.05501147
317,0.0357217,0.041216806,0.05052673,0.035064567
318,0.26746556,0.24293244,0.2663589,0.24074095
319,0.5311947,0.5154597,0.53490317,0.40814176
320,0.14976099,0.104019284,0.12702295,0.0758101
321,0.096911654,0.11441679,0.31089434,0.062119335
322,0.05886504,0.077263944,0.08476779,0.06254144
323,0.9912967,0.9816472,0.9854701,0.9897058
324,0.079053946,0.07452236,0.10094865,0.07293393
325,0.19067533,0.19536385,0.28332976,0.17105883
326,0.124703296,0.11260992,0.15046312,0.124703296
327,0.80934924,0.81173164,0.8322533,0.80659354
328,0.05672521,0.05775313,0.0647901,0.05716244
329,0.31843778,0.35537285,0.36866146,0.345807
330,0.55639523,0.5127136,0.568839,0.53490317
331,0.14928776,0.19248728,0.24230652,0.16021319
332,0.0702915,0.082554266,0.13494496,0.0702915
333,0.052629136,0.06197625,0.07420389,0.048416216
334,0.067144,0.07893254,0.11046354,0.066778556
335,0.14896668,0.15582925,0.16985084,0.14863366
336,0.11836907,0.1501235,0.19359477,0.13707586
337,0.062048364,0.954164,0.074575804,0.058175292
338,0.04995078,0.053695697,0.06277606,0.04823555
339,0.14528832,0.14528832,0.18962114,0.14219192
340,0.071705595,0.07533853,0.078878425,0.0728992
341,0.9480856,0.9480856,0.94887024,0.9480856
342,0.09499631,0.13650632,0.18864118,0.10441158
343,0.0475992,0.057070892,0.08219262,0.045892935
344,0.13499002,0.14886676,0.18742917,0.14602667
345,0.40802893,0.45066032,0.48879617,0.4033909
346,0.11452932,0.1384405,0.15312895,0.12294132
347,0.15400687,0.24098292,0.28799823,0.19244716
348,0.2544367,0.2409221,0.31089434,0.2235748
349,0.93232936,0.9183724,0.93232936,0.9189098
350,0.02492401,0.02343309,0.041722365,0.027848054
351,0.071142465,0.078126565,0.10475756,0.07321066
352,0.14304435,0.15007164,0.1676691,0.14304435
353,0.27452248,0.18592611,0.28164935,0.16540839
354,0.20578295,0.19256276,0.20383584,0.1551156
355,0.8643232,0.88009465,0.88050926,0.8785311
356,0.17299293,0.2474293,0.31089434,0.31089434
357,0.07855702,0.085588284,0.08731499,0.075115934
358,0.83799046,0.8355208,0.8574647,0.8353238
359,0.17426437,0.21837988,0.2606254,0.18198499
360,0.0938628,0.13335606,0.12202472,0.11517717
361,0.8369305,0.7886741,0.82104206,0.82459426
362,0.9017957,0.89118457,0.9011028,0.88824683
363,0.36079562,0.30649978,0.30880922,0.24624766
364,0.30211157,0.31089434,0.35148346,0.28492457
365,0.9897058,0.98162526,0.9815262,0.97903436
366,0.70778245,0.70778245,0.71604264,0.7093121
367,0.5154597,0.5154597,0.5154597,0.5154597
368,0.08538386,0.11910718,0.18873349,0.10115535
369,0.2410418,0.24488506,0.25327286,0.24964024
370,0.93232936,0.93232936,0.9411975,0.93232936
371,0.0337538,0.043477997,0.052120954,0.036764722
372,0.041245487,0.06515366,0.07528974,0.0509625
373,0.20429525,0.24135996,0.26780456,0.31089434
374,0.058740318,0.06702786,0.08572155,0.058290835
375,0.04128336,0.049266588,0.059897467,0.04819084
376,0.09660383,0.122534394,0.15453699,0.10632891
377,0.1244581,0.15171485,0.16861396,0.11703319
378,0.16637136,0.14882725,0.15380882,0.12550518
379,0.06225771,0.06976059,0.07102702,0.058140438
380,0.059441123,0.4981737,0.5154597,0.5154597
381,0.95691293,0.93251026,0.9452077,0.93272763
382,0.09422715,0.119068295,0.18512464,0.09346469
383,0.07952609,0.07534317,0.077448994,0.055731107
384,0.11360241,0.07952447,0.10383,0.1277166
385,0.037009686,0.036521267,0.04694035,0.031312734
386,0.28535515,0.31335026,0.31736308,0.31269172
387,0.06089551,0.06261964,0.087295994,0.05773557
388,0.095604,0.08358988,0.11861899,0.079085805
389,0.07391177,0.11876818,0.14373896,0.09442435
390,0.1488619,0.1488619,0.3066524,0.18074352
391,0.93232936,0.93232936,0.93232936,0.93232936
392,0.10124101,0.1838634,0.1838634,0.1838634
393,0.3385775,0.33123997,0.40312997,0.31763792
394,0.14923127,0.12019871,0.14081106,0.103065304
395,0.1076963,0.054480977,0.16547129,0.1319027
396,0.24168697,0.19181836,0.23975988,0.15859282
397,0.27104142,0.26821643,0.27104142,0.24603207
398,0.93232936,0.91716933,0.93175375,0.9156528
399,0.067576,0.082177,0.09441567,0.061286543
400,0.045405146,0.056215692,0.07810529,0.05501178
401,0.11663961,0.12776148,0.11599619,0.12578942
402,0.14871095,0.15378453,0.18346356,0.14683369
403,0.033470728,0.048959576,0.054050688,0.037531544
404,0.14093824,0.15161566,0.16873185,0.15126535
405,0.8224513,0.80596775,0.8271321,0.80050415
406,0.11795622,0.10247274,0.15049155,0.09287853
407,0.05554601,0.07347325,0.114183895,0.0557056
408,0.69542736,0.6946749,0.70760715,0.6556086
409,0.74468416,0.7453443,0.7075488,0.67253655
410,0.08555394,0.09556986,0.10959392,0.08421309
411,0.069495015,0.072893806,0.088750675,0.060054023
412,0.61465096,0.6346197,0.6642905,0.6506224
413,0.18697038,0.18861665,0.22119884,0.19063024
414,0.059627704,0.085357636,0.12545049,0.07626521
415,0.10225793,0.06853083,0.09615474,0.060866553
416,0.09310889,0.11475203,0.18788473,0.10725471
417,0.078372955,0.076209724,0.098466426,0.06050614
418,0.05944112,0.08207272,0.08207272,0.08207272
419,0.9324579,0.9288781,0.9156528,0.93232936
420,0.120869726,0.120869726,0.120869726,0.120869726
421,0.07664853,0.097487815,0.12960663,0.08251783
422,0.07149443,0.11040639,0.15032908,0.08082289
423,0.059441123,0.1258339,0.1258339,0.1258339
424,0.8606264,0.88824683,0.88824683,0.87724096
425,0.05276006,0.06532566,0.087756954,0.0583533
426,0.8955031,0.89188766,0.8988549,0.88869375
427,0.066141844,0.06609674,0.086002,0.06565607
428,0.05068796,0.045025673,0.046560083,0.04008461
429,0.13248013,0.37779495,0.38621068,0.17074105
430,0.13110071,0.11055806,0.1285985,0.09854549
431,0.07892819,0.1076355,0.15380502,0.07892819
432,0.05007609,0.7943796,0.7943796,0.7943796
433,0.24027362,0.16503811,0.18154225,0.1570942
434,0.5154597,0.554554,0.60510534,0.5256268
435,0.16173474,0.15452683,0.16868216,0.1610271
436,0.114747584,0.081441835,0.1456997,0.13796775
437,0.9017535,0.8990261,0.89467657,0.89942616
438,0.11416473,0.110939994,0.11954082,0.09894749
439,0.28823733,0.18728194,0.2689029,0.1424715
440,0.029405601,0.028710913,0.04469722,0.02716311
441,0.078395806,0.06780215,0.10611866,0.06821758
442,0.08646074,0.15033169,0.24029721,0.11062875
443,0.14358826,0.10748619,0.13100839,0.08548644
444,0.050106373,0.051360022,0.05726878,0.04129221
445,0.075914666,0.068292595,0.06452977,0.041297708
446,0.16425991,0.10583578,0.14908487,0.10801733
447,0.11365984,0.11365984,0.11365984,0.11365984
448,0.04779574,0.054462343,0.055752996,0.050386146
449,0.95887,0.94992846,0.94992846,0.94992846
450,0.3383854,0.31100264,0.278574,0.27779803
451,0.09325448,0.097760156,0.115266345,0.09393268
452,0.069456704,0.08006545,0.081600845,0.077551365
453,0.16162439,0.16319488,0.18643141,0.16692586
454,0.15532082,0.37805894,0.27881736,0.26819894
455,0.061789468,0.069553226,0.08961198,0.06329301
456,0.03327759,0.036084928,0.03931365,0.031083228
457,0.091971055,0.090493545,0.09287853,0.09237007
458,0.82656413,0.8606264,0.8785311,0.83594924
459,0.075945616,0.09692056,0.107437834,0.07158478
460,0.80501926,0.8600428,0.8615073,0.8355208
461,0.70688164,0.7093121,0.69542736,0.7363209
462,0.37834576,0.4276602,0.46877122,0.40515277
463,0.07084848,0.15075386,0.17740513,0.10586835
464,0.07353016,0.08301701,0.105624594,0.07644244
465,0.053239327,0.06221319,0.07602018,0.054790914
466,0.1112557,0.10296317,0.12631103,0.1051574
467,0.062078673,0.061427683,0.041081626,0.054128133
468,0.050514344,0.10230795,0.11603346,0.073270515
469,0.88483423,0.88684314,0.8935274,0.8848342
470,0.063100286,0.0718013,0.08887644,0.06582241
471,0.7945656,0.77606124,0.7706161,0.74487376
472,0.19473033,0.16806126,0.19323146,0.1866716
473,0.05230063,0.052118056,0.060358707,0.043175958
474,0.10511001,0.10279189,0.10279189,0.10279189
475,0.07148286,0.073022924,0.077540085,0.06947315
476,0.075836524,0.075836524,0.075836524,0.075836524
477,0.04911387,0.051767603,0.05677566,0.047850233
478,0.056173023,0.05433183,0.07834874,0.055267945
479,0.0761841,0.07913614,0.09150288,0.07474597
480,0.11852796,0.14328775,0.15909609,0.114113696
481,0.06160702,0.06750881,0.07008906,0.05582934
482,0.25712392,0.3079417,0.31354254,0.28637457
483,0.31089434,0.31899768,0.3255321,0.31089434
484,0.44168162,0.442749,0.43868414,0.43699402
485,0.04563169,0.25535595,0.25535595,0.25535595
486,0.043422397,0.08101523,0.15098508,0.08914716
487,0.53490317,0.3585504,0.4917028,0.28309178
488,0.2829586,0.24141844,0.27953634,0.24074611
489,0.11957879,0.15092224,0.23996001,0.11579268
490,0.052271966,0.05431734,0.06189385,0.05160138
491,0.15401441,0.14248349,0.15401441,0.13441873
492,0.9666078,0.96128047,0.9545511,0.9564255
493,0.14926715,0.1798002,0.19185095,0.14902785
494,0.932527,0.932527,0.932527,0.8942235
495,0.28787482,0.24072932,0.29317614,0.2081419
496,0.06286938,0.09641958,0.16285281,0.07420152
497,0.048301265,0.04655206,0.053274367,0.048301265
498,0.059677918,0.06344112,0.07506672,0.055106767
499,0.079398826,0.07863043,0.10194405,0.06299907
500,0.056221444,0.059748944,0.08281859,0.056735467
501,0.18834415,0.20410079,0.21186675,0.18186665
502,0.2407683,0.24268195,0.2995814,0.20945846
503,0.14906016,0.33773503,0.33773503,0.26965168
504,0.110485666,0.09337979,0.14100873,0.08348825
505,0.14571625,0.15458916,0.24052235,0.13039127
506,0.055367485,0.062192004,0.064537406,0.059084788
507,0.109896615,0.09503862,0.12358128,0.08893604
508,0.06906842,0.06341183,0.08033942,0.0577062
509,0.044419147,0.074747466,0.10170908,0.058791
510,0.8638115,0.8638115,0.8638115,0.8785941
511,0.11630872,0.074991934,0.05184065,0.0589625
512,0.832729,0.8308548,0.8317477,0.82806927
513,0.18762176,0.14891891,0.1936874,0.10525914
514,0.40315184,0.40331247,0.4289014,0.40309918
515,0.13613173,0.13299057,0.15365034,0.12660977
516,0.33340392,0.32506132,0.31462145,0.31089434
517,0.20372495,0.21778063,0.24936856,0.21236373
518,0.16220559,0.20801601,0.2791759,0.17129815
519,0.03809822,0.059531882,0.069960944,0.04948225
520,0.2774239,0.24175055,0.31089434,0.2522825
521,0.401103,0.376083,0.42356306,0.35780197
522,0.10991172,0.15074232,0.16642381,0.13312295
523,0.05944112,0.057403043,0.057403043,0.057403043
524,0.44644186,0.46930665,0.5154597,0.47041214
525,0.06757046,0.071855344,0.08401405,0.069790706
526,0.15392318,0.15341328,0.38040623,0.2409807
527,0.033541977,0.05109478,0.08183031,0.038069833
528,0.05994111,0.072651885,0.08352402,0.061479867
529,0.104643136,0.09659788,0.12066808,0.093566656
530,0.8060606,0.8060606,0.8060606,0.8060606
531,0.20083646,0.14680347,0.2216444,0.11299896
532,0.08606959,0.098409854,0.13184154,0.08636981
533,0.72851974,0.72581553,0.7324676,0.74453497
534,0.092823155,0.0528879,0.07834421,0.054299816
535,0.03859469,0.05545573,0.069570005,0.049018055
536,0.15208814,0.10115843,0.119960465,0.096998446
537,0.15392476,0.15050702,0.15510276,0.16029905
538,0.045606952,0.06508703,0.090037376,0.053035278
539,0.4475,0.4530441,0.48791435,0.46312895
540,0.13173768,0.17937043,0.21406364,0.1514818
541,0.17386262,0.15304027,0.15425158,0.13855864
542,0.054476514,0.062430486,0.079662524,0.05687915
543,0.44627354,0.45203763,0.49925157,0.47344953
544,0.3894653,0.32061896,0.36690885,0.34928283
545,0.02269181,0.02817216,0.038927887,0.023900272
546,0.34294683,0.24981733,0.24472506,0.24712743
547,0.085527405,0.0445804,0.0445804,0.0445804
548,0.05337673,0.05348161,0.053574774,0.038728014
549,0.17458332,0.16456781,0.15350427,0.17458336
550,0.31089434,0.30108163,0.3132012,0.26943576
551,0.7326542,0.7093121,0.76843333,0.7093121
552,0.04924047,0.047956217,0.0745372,0.046490572
553,0.05944112,0.16246894,0.16246894,0.16246894
554,0.07224629,0.08047691,0.09707909,0.06460447
555,0.044719238,0.056194525,0.058631964,0.053002913
556,0.40322217,0.4546518,0.44867483,0.4423735
557,0.18660724,0.31089434,0.31089434,0.3164076
558,0.14863998,0.11223112,0.1551576,0.10387719
559,0.036166806,0.040523976,0.0576624,0.033990283
560,0.42824683,0.38089675,0.3969446,0.40336922
561,0.05165909,0.068231545,0.09525529,0.053497948
562,0.057417497,0.078656934,0.081936724,0.06170902
563,0.14938805,0.06624842,0.15870878,0.09649217
564,0.1745412,0.15461841,0.18573411,0.1507521
565,0.034495726,0.03306493,0.03382456,0.029702531
566,0.9156528,0.9156528,0.9156528,0.9156528
567,0.09932165,0.089705855,0.09378287,0.08931183
568,0.06839983,0.07201894,0.071779035,0.058066715
569,0.057105843,0.05714173,0.05714173,0.05714173
570,0.10173915,0.11803612,0.12683547,0.10726477
571,0.9534995,0.9480856,0.9491776,0.94333714
572,0.05377597,0.05377597,0.090971746,0.075171344
573,0.28918394,0.30290037,0.29020566,0.28918394
574,0.40229455,0.40956777,0.5078751,0.40229455
575,0.06916183,0.07248885,0.09751712,0.06926074
576,0.042891003,0.07112835,0.09007625,0.055083554
577,0.24280374,0.19879514,0.23958716,0.18712506
578,0.07864476,0.07838483,0.08330601,0.0709551
579,0.07778618,0.030118626,0.039340906,0.030318717
580,0.0711615,0.06765807,0.08489491,0.06068723
581,0.24036339,0.24036339,0.24036339,0.24036339
582,0.05520166,0.05916335,0.07617189,0.05723493
583,0.31089434,0.3375741,0.3187533,0.3508525
584,0.24019015,0.31089434,0.29657158,0.27376696
585,0.062597886,0.07218249,0.09408274,0.061831955
586,0.056962248,0.06730131,0.0899408,0.056962267
587,0.9481969,0.9371562,0.9491026,0.9373439
588,0.07757681,0.062026978,0.053281672,0.048385184
589,0.112126604,0.1382921,0.15239666,0.14039037
590,0.079561844,0.09995929,0.102164716,0.082166746
591,0.15752526,0.15046193,0.13763748,0.111061744
592,0.059441123,0.7929594,0.7929594,0.7929594
593,0.03993362,0.04245807,0.049765702,0.033702075
594,0.05944112,0.22813028,0.22813028,0.22813028
595,0.24045779,0.25033784,0.3220191,0.24134676
596,0.035529412,0.04059268,0.053346965,0.03876721
597,0.8058244,0.80288506,0.794439,0.79941046
598,0.11575189,0.11205131,0.14719146,0.10154848
599,0.9609181,0.9498178,0.94992846,0.9437604
600,0.06378483,0.05681939,0.0651252,0.06105056
601,0.17588179,0.17190759,0.18953843,0.16899575
602,0.05944112,0.05944112,0.05944112,0.040159274
603,0.11202012,0.11141927,0.15258944,0.10692939
604,0.34913343,0.28995416,0.31089434,0.28023165
605,0.08150238,0.08150238,0.08150238,0.08150238
606,0.118449315,0.09576609,0.118228026,0.09364519
607,0.10403779,0.10952477,0.115270376,0.10924444
608,0.33855185,0.3810102,0.3807511,0.3724234
609,0.10449884,0.091814846,0.121114396,0.079498045
610,0.4511588,0.45503697,0.53490317,0.4383327
611,0.041514594,0.0590144,0.071890354,0.04542577
612,0.8606264,0.8745229,0.8747392,0.87357867
613,0.07013478,0.06102628,0.07299367,0.055550132
614,0.05553439,0.05553439,0.05553439,0.05553439
615,0.9323476,0.93418187,0.9325495,0.9327863
616,0.09641591,0.081061885,0.07647106,0.076338306
617,0.08294281,0.08477877,0.10063297,0.07953676
618,0.05427879,0.1051225,0.09409949,0.08721467
619,0.19981275,0.23981701,0.24064897,0.2016296
620,0.08961379,0.08141969,0.10060173,0.07790528
621,0.070132434,0.075550534,0.07724725,0.07262354
622,0.030396521,0.051728595,0.057063818,0.030403238
623,0.10907451,0.1354616,0.15196966,0.11689703
624,0.94012696,0.9328835,0.9451081,0.9325987
625,0.23619968,0.25066224,0.28049958,0.20775686
626,0.047963597,0.059372887,0.07072132,0.05641037
627,0.8426697,0.80786526,0.8355208,0.79777354
628,0.9128604,0.93232936,0.93232936,0.89988834
629,0.24224527,0.23791888,0.24346289,0.22666198
630,0.46643856,0.4427083,0.4455929,0.43990538
631,0.104123645,0.104123645,0.104123645,0.104123645
632,0.029670281,0.04370136,0.05705887,0.035638034
633,0.24229446,0.16826746,0.18640062,0.15410708
634,0.7450597,0.7495778,0.77533877,0.7656204
635,0.08923766,0.069039844,0.086619526,0.06441471
636,0.21181528,0.21181528,0.23234785,0.16129294
637,0.10370448,0.0748799,0.101276696,0.064245544
638,0.18966517,0.15546788,0.19163549,0.14489052
639,0.08331823,0.06331993,0.06206667,0.068776846
640,0.21770081,0.17216377,0.19672745,0.18610083
641,0.038150534,0.04482309,0.05757887,0.03842256
642,0.1802152,0.21604285,0.25566244,0.23771372
643,0.04805753,0.052915893,0.03976242,0.04805753
644,0.2511892,0.26408398,0.34516546,0.24214695
645,0.02489574,0.03523457,0.05220245,0.029752748
646,0.31089434,0.32180056,0.3356266,0.31159914
647,0.35120735,0.41972455,0.41452712,0.37057924
648,0.112738244,0.10338143,0.10276864,0.102137364
649,0.061571047,0.055208772,0.079192415,0.07365112
650,0.54810655,0.6202433,0.6050418,0.57706636
651,0.110554434,0.110554434,0.110554434,0.11135849
652,0.02759671,0.5241811,0.5241811,0.5241811
653,0.08527506,0.089467905,0.11059432,0.0686707
654,0.5379911,0.50945586,0.3231364,0.2176973
655,0.054403834,0.07258745,0.09145852,0.06000363
656,0.02607945,0.026495181,0.03874862,0.027012631
657,0.07517094,0.07517095,0.10039436,0.0801102
658,0.108959936,0.13216823,0.15036839,0.11423443
659,0.42294177,0.45825604,0.46618208,0.4207384
660,0.09287724,0.096361645,0.1001178,0.09290016
661,0.07929686,0.06370462,0.06549891,0.051183246
662,0.05944112,0.041425236,0.041425236,0.041425236
663,0.05944112,0.1547251,0.1547251,0.1547251
664,0.15410559,0.13236539,0.1612461,0.10200439
665,0.93232936,0.9218487,0.93232936,0.91603893
666,0.69109195,0.742768,0.7093121,0.7093121
667,0.074258156,0.1393968,0.21127978,0.13857947
668,0.2581208,0.30337113,0.36091086,0.26898366
669,0.1416836,0.15783009,0.22597377,0.1341571
670,0.69542736,0.6826989,0.6826989,0.6826989
671,0.27832094,0.23943208,0.27852803,0.20237619
672,0.057268593,0.071316585,0.071316585,0.071316585
673,0.40454325,0.31089434,0.35436398,0.12955539
674,0.061478224,0.06780583,0.08000058,0.06453816
675,0.060975093,0.06510078,0.06823288,0.068333216
676,0.15912859,0.15912859,0.15912859,0.09357975
677,0.042763498,0.045241173,0.05111283,0.044514947
678,0.07955505,0.067248985,0.10075648,0.06527355
679,0.04666842,0.05081082,0.06298126,0.041975997
680,0.06368457,0.075719446,0.10151523,0.06607573
681,0.10913237,0.10913237,0.10913237,0.079821505
682,0.049866185,0.059366,0.079325214,0.05239055
683,0.45906365,0.46511403,0.48054245,0.48986244
684,0.07278895,0.06417009,0.0769548,0.062752336
685,0.98379236,0.9498432,0.94988436,0.9326971
686,0.106812626,0.12830326,0.16187048,0.11762829
687,0.07745882,0.07592701,0.08703685,0.07733089
688,0.05103503,0.05102109,0.063648835,0.041775033
689,0.92384785,0.93254346,0.9480856,0.93067175
690,0.78830934,0.794439,0.7951728,0.794439
691,0.8072683,0.8198983,0.8318992,0.8161481
692,0.55775607,0.5154597,0.53490317,0.49495295
693,0.091958456,0.076415844,0.07739658,0.08492364
694,0.089390896,0.07991253,0.0935967,0.062788874
695,0.43831775,0.4452459,0.41654524,0.5154597
696,0.9156528,0.91022176,0.9156528,0.9248719
697,0.060059443,0.063369945,0.06682506,0.06406119
698,0.052754194,0.06320976,0.084812835,0.054818623
699,0.72588134,0.7028881,0.74450135,0.6637392
700,0.14981848,0.14858434,0.19123544,0.15316863
701,0.058900207,0.058900207,0.06405634,0.05817534
702,0.055141788,0.06078691,0.07531338,0.056707233
703,0.90174496,0.90181166,0.91183144,0.9017368
704,0.7093121,0.31089434,0.35448742,0.31089434
705,0.6546509,0.5515315,0.5527543,0.49772507
706,0.20359606,0.15396973,0.25930172,0.11477027
707,0.24160413,0.35110334,0.44725946,0.3496815
708,0.10079707,0.14944223,0.15476333,0.10546293
709,0.11559978,0.100847386,0.119020045,0.09206943
710,0.05250841,0.064868115,0.07004288,0.055677604
711,0.9783024,0.9642207,0.96437985,0.95601076
712,0.077661574,0.0944639,0.110197455,0.08449394
713,0.2910201,0.28091472,0.31089434,0.26937264
714,0.12761053,0.18223895,0.2415513,0.16251868
715,0.047963597,0.059372887,0.07072132,0.05641037
716,0.19999255,0.3206363,0.31784457,0.28623965
717,0.14994456,0.16841362,0.15590666,0.12800668
718,0.50131947,0.52414846,0.55137855,0.47195226
719,0.14030169,0.15356442,0.21334898,0.1503631
720,0.07171983,0.087151885,0.14749722,0.070393756
721,0.055098556,0.0570485,0.07475248,0.056980055
722,0.8873347,0.9023532,0.9156528,0.90175366
723,0.053754475,0.052885916,0.058592193,0.052617457
724,0.11528053,0.07271383,0.06797147,0.063278034
725,0.9168351,0.9202951,0.9220464,0.918785
726,0.069349065,0.07477659,0.09440107,0.065985434
727,0.07816498,0.07816497,0.10053729,0.07245029
728,0.07228253,0.08168657,0.11729455,0.066058226
729,0.10519248,0.106883995,0.12975453,0.1015021
730,0.051680703,0.08599503,0.07793384,0.08062426
731,0.07032794,0.059402682,0.081318714,0.05258631
732,0.03045339,0.054002225,0.06270917,0.03148056
733,0.08283485,0.1533274,0.19374405,0.10080683
734,0.07833474,0.07756079,0.0897043,0.07436388
735,0.062387343,0.04900526,0.052512974,0.041112754
736,0.0736146,0.07988482,0.09847164,0.078048944
737,0.15355147,0.14865737,0.17369774,0.14467472
738,0.05481947,0.06468872,0.07191131,0.056671888
739,0.803362,0.8219719,0.7686145,0.7945106
740,0.034739163,0.03938288,0.050817482,0.035629734
741,0.063520566,0.08243243,0.113416106,0.062179945
742,0.5021772,0.3543554,0.7104053,0.1757508
743,0.15478359,0.1527884,0.1850475,0.15818149
744,0.15591596,0.15719938,0.17574728,0.15128109
745,0.19485256,0.5154597,0.31089434,0.20248744
746,0.10189793,0.17295733,0.50766283,0.10682816
747,0.97772795,0.9788353,0.98443294,0.9780174
748,0.2413867,0.27921847,0.29482877,0.24229339
749,0.33800617,0.3338116,0.42370558,0.3288601
750,0.2815739,0.28031087,0.42175674,0.17054644
751,0.17932825,0.2923539,0.27862605,0.17344299
752,0.058986444,0.06813235,0.07215145,0.06173622
753,0.022553278,0.02995718,0.035183508,0.02454075
754,0.88630205,0.88630205,0.9156528,0.88866884
755,0.08353589,0.14220874,0.18171357,0.09368883
756,0.08546342,0.08133392,0.09876005,0.07890063
757,0.057251167,0.05334953,0.067958556,0.052752517
758,0.08686327,0.08142316,0.09600999,0.08467585
759,0.24557804,0.17577937,0.25795105,0.15150364
760,0.06268437,0.065790534,0.06476428,0.061219286
761,0.3515948,0.3149128,0.36436516,0.31245986
762,0.06395047,0.07931351,0.10378303,0.06335229
763,0.043420453,0.037702262,0.048449676,0.039324194
764,0.034175787,0.044814344,0.0522013,0.040266454
765,0.15423034,0.16305092,0.16907895,0.152558
766,0.13821991,0.1515395,0.15043959,0.1554111
767,0.053979263,0.056903265,0.0814334,0.053855624
768,0.05463183,0.058166597,0.07651136,0.05206179
769,0.26908055,0.24448383,0.30895236,0.24085715
770,0.663263,0.794439,0.80330914,0.7617138
771,0.794439,0.79536706,0.79688036,0.7925222
772,0.7701864,0.8105168,0.8105168,0.8060606
773,0.11605858,0.11605858,0.11495838,0.100903206
774,0.59619665,0.5375814,0.60484236,0.52367085
775,0.06499795,0.052215837,0.06145726,0.048820827
776,0.040519223,0.724196,0.724196,0.724196
777,0.31089434,0.32059065,0.35641253,0.31089434
778,0.114057966,0.18538384,0.30485976,0.15072913
779,0.05293985,0.06266676,0.08312004,0.051825564
780,0.07946362,0.10689805,0.122121096,0.082866564
781,0.07611038,0.092191376,0.154683,0.104418576
782,0.06903815,0.0777737,0.08513803,0.07268969
783,0.071197465,0.07250317,0.100286804,0.062005196
784,0.12216771,0.12265896,0.14401767,0.105304115
785,0.08076817,0.058829848,0.08076817,0.052296344
786,0.31503913,0.22355306,0.1918375,0.17900588
787,0.07572563,0.08575427,0.07788172,0.053675663
788,0.4685424,0.3014761,0.29646,0.22380868
789,0.37106347,0.34615397,0.3739661,0.3496496
790,0.4049721,0.4350315,0.46521425,0.40336278
791,0.8999926,0.90172905,0.9156528,0.8989854
792,0.09099468,0.09409654,0.10449711,0.073071785
793,0.06134462,0.06403842,0.073750325,0.05928863
794,0.23330833,0.20540419,0.24046364,0.21584696
795,0.43348688,0.43132594,0.40322492,0.4201602
796,0.8015401,0.79970884,0.77181405,0.794439
797,0.13938345,0.13174467,0.1518901,0.1317007
798,0.24261537,0.19910489,0.22838137,0.1949415
799,0.17719315,0.16423021,0.16052729,0.16867194
800,0.084100716,0.091820374,0.11576961,0.078476876
801,0.021054344,0.04395212,0.05591133,0.036020037
802,0.8060606,0.7443719,0.72437596,0.69542736
803,0.05653097,0.059142794,0.0673453,0.05604
804,0.8606264,0.8606264,0.8606264,0.8606264
805,0.14609496,0.108297326,0.124471165,0.10367329
806,0.050702594,0.060368344,0.0608159,0.053030744
807,0.7451949,0.7704778,0.78901273,0.7683303
808,0.07639667,0.067561544,0.09064589,0.05976069
809,0.053466957,0.9152536,0.08494107,0.048078228
810,0.511202,0.46627635,0.5413265,0.37654307
811,0.07814992,0.08120157,0.08522621,0.07738427
812,0.17558716,0.17066988,0.23405905,0.16673018
813,0.16020647,0.16916707,0.18493916,0.1626195
814,0.07920877,0.07413603,0.10225925,0.05511733
815,0.035849214,0.04640336,0.060530413,0.04200793
816,0.0652331,0.067029014,0.08519661,0.05503705
817,0.06996025,0.053804137,0.0693528,0.057363346
818,0.8060606,0.69855,0.7169855,0.68091
819,0.9323448,0.9324703,0.9327344,0.9328195
820,0.2560006,0.19443959,0.2184808,0.16831197
821,0.11141743,0.15215199,0.13207994,0.10972354
822,0.062354002,0.06737759,0.062275756,0.0639948
823,0.79084677,0.6364068,0.6364068,0.68922126
824,0.10491954,0.20358264,0.18118079,0.14659937
825,0.18339375,0.38206384,0.38793662,0.3233686
826,0.06608032,0.087938175,0.103600234,0.07997002
827,0.94992846,0.94992846,0.9480856,0.950591
828,0.31814468,0.285511,0.34242663,0.29310256
829,0.06567516,0.061349608,0.06886708,0.056923643
830,0.43204185,0.45664087,0.46666905,0.45376298
831,0.04788964,0.044196956,0.05050002,0.043306615
832,0.052037008,0.06339021,0.087083936,0.056048073
833,0.3187049,0.20353718,0.3554428,0.35250995
834,0.18367387,0.40329617,0.48062122,0.31089434
835,0.05650105,0.050434563,0.057377066,0.048319627
836,0.16805199,0.24253914,0.45740002,0.45740002
837,0.9480856,0.94992846,0.94992846,0.94971955
838,0.10050836,0.116948865,0.111538894,0.1255625
839,0.95584613,0.95584613,0.95584613,0.95584613
840,0.14982742,0.25776967,0.32040668,0.17810093
841,0.69542736,0.71183985,0.7655489,0.69542736
842,0.10049295,0.06348056,0.10705796,0.061148655
843,0.6555612,0.6601395,0.7154791,0.6364068
844,0.15124375,0.14376447,0.11239993,0.08157149
845,0.40878507,0.38440263,0.40338,0.40878507
846,0.5196198,0.5196198,0.5196198,0.5196198
847,0.12426777,0.13268967,0.1260928,0.138349
848,0.3350453,0.3350453,0.3350453,0.3350453
849,0.07147688,0.07147688,0.22878717,0.22878717
850,0.07849311,0.07849312,0.10581705,0.07287141
851,0.15082425,0.15003027,0.1881461,0.15184046
852,0.60471165,0.5176692,0.48169595,0.48256487
853,0.23013866,0.18749481,0.18318167,0.19849692
854,0.059480462,0.06739935,0.08673456,0.058671933
855,0.13605687,0.10176647,0.14106941,0.08835792
856,0.5154597,0.5364295,0.5876557,0.51494855
857,0.00981964,0.0511464,0.03614151,0.02643583
858,0.16299537,0.20717159,0.19601816,0.19147502
859,0.82098097,0.8606264,0.8606264,0.85664046
860,0.5548781,0.55274934,0.63106406,0.56147885
861,0.25342152,0.32292977,0.3571752,0.2900416
862,0.08894269,0.06591605,0.095920324,0.057983343
863,0.08441877,0.08817242,0.115474895,0.06782216
864,0.8107085,0.83061343,0.8060606,0.82483095
865,0.108316824,0.10716703,0.107734196,0.11150846
866,0.09973623,0.10659797,0.12420292,0.10903693
867,0.93242353,0.9156528,0.9315113,0.9080888
868,0.10163258,0.10937277,0.12401516,0.10596071
869,0.2572541,0.27321398,0.32809862,0.29010588
870,0.07971035,0.18639459,0.26406544,0.13848865
871,0.112803206,0.16207695,0.23956706,0.14952199
872,0.06542577,0.06842046,0.10026426,0.060126193
873,0.039547037,0.04363164,0.07406845,0.049602065
874,0.83366966,0.830419,0.8355208,0.8298248
875,0.035224594,0.84899974,0.84899974,0.84899974
876,0.12183025,0.1880834,0.27353743,0.15330274
877,0.064813204,0.07703816,0.09274024,0.06011609
878,0.056858674,0.058005232,0.06639651,0.05312551
879,0.074951194,0.069635496,0.07919077,0.06917456
880,0.04517423,0.060622178,0.066861495,0.05175625
881,0.15378854,0.14710283,0.23026943,0.13634449
882,0.18052824,0.17483906,0.18825585,0.15739214
883,0.03853894,0.042107273,0.050972797,0.038391504
884,0.07077027,0.1206806,0.19001845,0.0893593
885,0.066811666,0.08210672,0.14922489,0.076040015
886,0.1893921,0.34348997,0.37299612,0.15731658
887,0.499931,0.37540329,0.45260862,0.42551166
888,0.06987059,0.080416866,0.080416866,0.080416866
889,0.10552446,0.08500016,0.09936308,0.07758701
890,0.066569746,0.070222095,0.062465034,0.060158603
891,0.7300493,0.605115,0.6709311,0.6059742
892,0.10371816,0.10977003,0.14887394,0.10123646
893,0.19121765,0.1969354,0.23873238,0.17937021
894,0.07609155,0.06043195,0.07646354,0.06460395
895,0.08006303,0.102301314,0.14983517,0.088956445
896,0.051644426,0.051644426,0.051644426,0.051644426
897,0.49341914,0.42851323,0.420632,0.4033843
898,0.08749044,0.08749043,0.10966168,0.0915307
899,0.050807815,0.050807815,0.07908114,0.051380508
900,0.15304404,0.14017786,0.17651413,0.1173587
901,0.23977546,0.2995883,0.31089434,0.23974408
902,0.124134265,0.12214721,0.1504621,0.111513264
903,0.88919896,0.90183324,0.88919896,0.89905334
904,0.10079533,0.10285797,0.12808669,0.09417474
905,0.10559179,0.116934106,0.15355162,0.111066446
906,0.5932872,0.6233165,0.69542736,0.63598335
907,0.04517169,0.03956865,0.05489412,0.030820569
908,0.062203705,0.08018941,0.10820863,0.064875014
909,0.08875295,0.072431676,0.09165177,0.06889735
910,0.13973036,0.27919367,0.39981824,0.23099592
911,0.20014313,0.21885423,0.20354582,0.17166753
912,0.06360007,0.063867584,0.06736083,0.06177809
913,0.6659716,0.66494864,0.5876557,0.6356541
914,0.074195735,0.074195735,0.074195735,0.07012653
915,0.23214447,0.25852957,0.31509963,0.24006772
916,0.1529012,0.1702381,0.23980026,0.13103612
917,0.05637399,0.054244965,0.071633875,0.042471755
918,0.83749837,0.8561195,0.8538737,0.8368199
919,0.12902886,0.116154626,0.13688673,0.10545667
920,0.15240286,0.17801633,0.24561436,0.15504955
921,0.05375374,0.07048149,0.09171836,0.052198555
922,0.059594613,0.08609597,0.10864399,0.0681369
923,0.8060606,0.8565573,0.8060606,0.8115934
924,0.70701236,0.69542736,0.7689769,0.69804215
925,0.049722526,0.05652637,0.082986675,0.044103418
926,0.11458649,0.111029975,0.13910607,0.1078395
927,0.24934101,0.24934101,0.31356964,0.21654452
928,0.110566005,0.12790105,0.15280756,0.11128134
929,0.18657036,0.38531172,0.4948947,0.35205463
930,0.90201586,0.9057527,0.9031478,0.90595067
931,0.058344368,0.06792014,0.08804067,0.059239466
932,0.118345164,0.11256002,0.13115829,0.11100795
933,0.3088934,0.53527427,0.6670548,0.428439
934,0.027515644,0.03013136,0.0356583,0.021082265
935,0.11968285,0.095340475,0.10760319,0.08162521
936,0.05944112,0.13972324,0.13972324,0.13972324
937,0.535954,0.51547635,0.5531769,0.488205
938,0.14702517,0.23879395,0.38554764,0.18021685
939,0.31089434,0.3339286,0.325756,0.31089434
940,0.0448379,0.05038621,0.061153747,0.04584643
941,0.15151249,0.15182255,0.16280456,0.14802648
942,0.7093121,0.7685537,0.7758435,0.7450402
943,0.12986204,0.13932522,0.13716085,0.1396672
944,0.45014006,0.5154597,0.55090815,0.50718206
945,0.071148716,0.059009533,0.07433058,0.05243089
946,0.10999383,0.09900859,0.118804775,0.09261128
947,0.6920811,0.616576,0.65540236,0.553218
948,0.13668035,0.10868002,0.12290397,0.10066688
949,0.47303715,0.62858504,0.6722793,0.40314546
950,0.33519873,0.33519873,0.40326542,0.15138641
951,0.5237354,0.5410442,0.51898044,0.5154597
952,0.11256603,0.1100007,0.14912438,0.106378086
953,0.034919564,0.049811628,0.065333195,0.04397032
954,0.057348303,0.057348303,0.057348303,0.042953275
955,0.041519623,0.031600635,0.049560096,0.02760416
956,0.063634284,0.053511966,0.062191896,0.054709177
957,0.12214479,0.091577716,0.11903892,0.088977836
958,0.14988439,0.17272481,0.18501669,0.15542132
959,0.079270095,0.08710472,0.13860089,0.06457542
960,0.37709805,0.48568767,0.53490317,0.4433612
961,0.06885709,0.064639136,0.07502902,0.06415199
962,0.13233685,0.18655495,0.19284748,0.1510429
963,0.93232936,0.93242073,0.9325021,0.9306235
964,0.059441123,0.092605144,0.092605144,0.092605144
965,0.08710947,0.08710947,0.08710947,0.08008963
966,0.039965384,0.05720272,0.0685205,0.04716094
967,0.46364796,0.43574658,0.45415494,0.4033441
968,0.44961327,0.46431863,0.48710108,0.45286462
969,0.074297905,0.07263204,0.12721458,0.05989046
970,0.6289916,0.56187737,0.6438165,0.5606584
971,0.07975511,0.079446845,0.107334025,0.07022469
972,0.09547668,0.18515523,0.16434412,0.20216271
973,0.08701388,0.09540194,0.13340244,0.0806617
974,0.1077185,0.1077185,0.1077185,0.11132565
975,0.06506295,0.09854674,0.122612216,0.08133897
976,0.32245123,0.27147698,0.32245123,0.27478912
977,0.07012137,0.06812471,0.07842974,0.06686757
978,0.048226494,0.05990308,0.07509086,0.05206845
979,0.12262169,0.14440931,0.23967524,0.099352695
980,0.07307005,0.06548456,0.06548456,0.06548456
981,0.21640044,0.24000974,0.26013035,0.22763309
982,0.44385245,0.32006857,0.35386044,0.31089434
983,0.05793075,0.06499163,0.073207885,0.06006868
984,0.074732356,0.07944609,0.099400364,0.0784313
985,0.045331515,0.056678414,0.090050004,0.090050004
986,0.117065445,0.13037124,0.16855487,0.10456894
987,0.21516788,0.2396083,0.24160026,0.23958932
988,0.4192576,0.36495653,0.40322888,0.32810804
989,0.4423079,0.44491532,0.46795177,0.43898615
990,0.267159,0.26969865,0.25853887,0.26928023
991,0.17755824,0.17136522,0.24008085,0.15549733
992,0.04993397,0.04993397,0.04993397,0.049046483
993,0.059441123,0.1516465,0.16403624,0.16403624
994,0.15082458,0.15420017,0.16999379,0.1534876
995,0.07876892,0.10202644,0.14614844,0.08841527
996,0.05051186,0.057936225,0.06186987,0.044951357
997,0.052955862,0.07574205,0.108423695,0.052334506
998,0.7093121,0.7527117,0.8060606,0.74511784
999,0.31089434,0.1618173,0.21987697,0.17457774
1000,0.8392213,0.84795934,0.8355208,0.84961665
1001,0.023899183,0.019999675,0.037955184,0.017599473
1002,0.05389917,0.05668378,0.07212515,0.05284776
1003,0.08598444,0.080039136,0.08924993,0.0766277
1004,0.059709158,0.068183824,0.07580185,0.059984665
1005,0.054889992,0.106008396,0.13561529,0.08331052
1006,0.06618756,0.13978465,0.1889326,0.09527272
1007,0.0540841,0.062167823,0.07342203,0.05381952
1008,0.07526083,0.10182806,0.14375474,0.08869194
1009,0.093263894,0.093263894,0.093263894,0.093263894
1010,0.09082727,0.085795216,0.101963915,0.08104207
1011,0.07658054,0.16923101,0.16923101,0.16923101
1012,0.32881397,0.403942,0.44673878,0.40161213
1013,0.1701047,0.22599368,0.30744585,0.19357522
1014,0.18456568,0.18811472,0.21422447,0.18680595
1015,0.31441665,0.175051,0.4596195,0.41147128
1016,0.044325545,0.120583504,0.14980076,0.07761125
1017,0.055568192,0.08573911,0.08573911,0.07480235
1018,0.7682183,0.75173455,0.76821727,0.768303
1019,0.08446052,0.085346945,0.099900134,0.05891879
1020,0.04573024,0.051175527,0.06846199,0.05028739
1021,0.19683017,0.22880052,0.23033683,0.19376706
1022,0.18944171,0.29043248,0.34957612,0.24364033
1023,0.5135021,0.49499673,0.5176497,0.46310627
1024,0.04563169,0.07730437,0.07730437,0.07730437
1025,0.108670965,0.16390356,0.23749857,0.13112645
1026,0.42061025,0.5251679,0.42812222,0.42812222
1027,0.065233916,0.07294114,0.09485913,0.057391096
1028,0.22213434,0.19893888,0.25768653,0.18803622
1029,0.053316444,0.04973546,0.06769332,0.04584734
1030,0.1545925,0.24058907,0.23402663,0.15261766
1031,0.18164794,0.18164796,0.19078955,0.17310493
1032,0.053422913,0.06274244,0.08600962,0.055612803
1033,0.16531281,0.09569519,0.1512818,0.13160096
1034,0.06010017,0.059084427,0.07344975,0.05625656
1035,0.047598165,0.05934399,0.07509347,0.045207713
1036,0.044583686,0.053702444,0.060413867,0.04807251
1037,0.056085493,0.060687114,0.06381509,0.057841685
1038,0.07181057,0.10045966,0.1158802,0.06830571
1039,0.2404058,0.19532652,0.21161094,0.17985453
1040,0.07306315,0.032610904,0.084637426,0.050680097
1041,0.13371061,0.14938258,0.1552414,0.15229195
1042,0.088582374,0.09791759,0.09902999,0.09487703
1043,0.30333892,0.17608234,0.18573473,0.15277693
1044,0.004623771,0.02905418,0.035136893,0.015037517
1045,0.07943527,0.07943529,0.37119526,0.09431625
1046,0.9327283,0.9327283,0.93232936,0.92822
1047,0.85299516,0.84009045,0.8355208,0.83311796
1048,0.062273663,0.062273663,0.062273663,0.06292065
1049,0.16313514,0.1923031,0.24228296,0.14889069
1050,0.24020013,0.31659082,0.3610994,0.27905443
1051,0.053885393,0.07666689,0.103665754,0.06158799
1052,0.28035745,0.34894836,0.4195674,0.31089434
1053,0.15452385,0.17814669,0.22633591,0.18190591
1054,0.3499135,0.24748436,0.31155106,0.24984819
1055,0.2217396,0.24151172,0.27951062,0.2404347
1056,0.10680637,0.10680638,0.23967364,0.1932217
1057,0.18831374,0.19990265,0.18946148,0.18965116
1058,0.03395928,0.039465535,0.06986772,0.03395928
1059,0.050323393,0.050323393,0.06409536,0.04262727
1060,0.27005306,0.2597341,0.29032707,0.27117795
1061,0.078227445,0.09361303,0.11206239,0.08015556
1062,0.5602893,0.49513578,0.55522215,0.42197824
1063,0.8573627,0.7428004,0.7131761,0.7131761
1064,0.10687415,0.120182544,0.17056018,0.117738545
1065,0.06425912,0.06425912,0.104978226,0.07215258
1066,0.110455826,0.17650269,0.2401454,0.13880868
1067,0.74524015,0.7591856,0.768064,0.758004
1068,0.5154597,0.44426492,0.46593636,0.4441006
1069,0.050318852,0.04987301,0.058496278,0.050302073
1070,0.10612251,0.09031532,0.10363692,0.07695813
1071,0.2505282,0.2505282,0.2505282,0.2505282
1072,0.7687679,0.78660697,0.76999384,0.77507836
1073,0.053558692,0.053212546,0.06365072,0.053227957
1074,0.10990183,0.09614475,0.09614475,0.069286354
1075,0.10012627,0.098014176,0.10332469,0.094814226
1076,0.35871187,0.39892465,0.39011836,0.40316132
1077,0.5017241,0.49563316,0.5104471,0.50460595
1078,0.060512725,0.061383754,0.07671397,0.049879484
1079,0.31089434,0.4048944,0.4692698,0.31089434
1080,0.13176948,0.1626841,0.18285106,0.15238914
1081,0.08733453,0.088436335,0.09460212,0.07963974
1082,0.05996894,0.0716311,0.089963034,0.0614995
1083,0.11432121,0.09970576,0.10818062,0.09284102
1084,0.10484991,0.10421503,0.14707305,0.10709596
1085,0.058800247,0.07382102,0.07721222,0.06652999
1086,0.12894998,0.15346812,0.240632,0.14302538
1087,0.05944112,0.0458778,0.0458778,0.0458778
1088,0.13562799,0.1764156,0.24014968,0.15189707
1089,0.40338078,0.3518481,0.40323257,0.31873542
1090,0.07324237,0.082462355,0.092905186,0.07820823
1091,0.1597625,0.18642943,0.18917254,0.1597625
1092,0.05707618,0.059209943,0.07107199,0.05820129
1093,0.07704892,0.09070993,0.13539097,0.091137916
1094,0.40309528,0.36819667,0.37708762,0.37173435
1095,0.06572864,0.06187463,0.06771149,0.058552023
1096,0.8060606,0.8060606,0.8060606,0.7934429
1097,0.05944112,0.07256903,0.07256903,0.07256903
1098,0.12297936,0.20194018,0.15936746,0.113301925
1099,0.06031508,0.049446095,0.06528002,0.05367347
1100,0.85563034,0.85563034,0.8478834,0.8478834
1101,0.063394085,0.06427285,0.0678664,0.059951335
1102,0.44556484,0.44004273,0.4576088,0.44524986
1103,0.11517297,0.12226177,0.12762785,0.13552615
1104,0.53261465,0.48659885,0.53490317,0.46927133
1105,0.7449974,0.799099,0.8009197,0.77534354
1106,0.07033521,0.08372153,0.1399583,0.07860365
1107,0.098949015,0.104453735,0.12776423,0.0999675
1108,0.057916984,0.062929116,0.0796932,0.04328523
1109,0.17285004,0.31089434,0.27229342,0.24123336
1110,0.2426532,0.31089434,0.35753623,0.24888852
1111,0.03537379,0.023892459,0.018569725,0.012790679
1112,0.8606264,0.8462442,0.8606264,0.84244573
1113,0.09468192,0.09878266,0.14129864,0.08648228
1114,0.041461725,0.05225862,0.06337977,0.0436922
1115,0.10095205,0.16414322,0.26268503,0.1357362
1116,0.2404627,0.31089434,0.35449705,0.2926985
1117,0.17427126,0.15275547,0.15335576,0.12475683
1118,0.094348915,0.10165131,0.11008224,0.09193501
1119,0.05944112,0.05944112,0.05944112,0.4282434
1120,0.24240026,0.20460646,0.23978242,0.18460023
1121,0.11372302,0.12576322,0.14764424,0.12315836
1122,0.0576791,0.06240942,0.07866383,0.05856503
1123,0.06832929,0.112103514,0.19659132,0.08895458
1124,0.34433445,0.4884581,0.4652034,0.43579882
1125,0.061674196,0.093612745,0.07671229,0.06328867
1126,0.1817283,0.17836219,0.24086119,0.15183398
1127,0.024002828,0.11295094,0.06760344,0.097202964
1128,0.0969118,0.08736601,0.094536625,0.08470991
1129,0.07714814,0.06179404,0.07623711,0.05041514
1130,0.072866626,0.09791771,0.11345297,0.08715952
1131,0.077035055,0.08053046,0.07918255,0.074399605
1132,0.9156528,0.49808764,0.6364068,0.49324957
1133,0.14840879,0.13311648,0.151216,0.119916506
1134,0.08129207,0.09490366,0.10440505,0.081792034
1135,0.794439,0.7703729,0.7698769,0.7703597
1136,0.049079005,0.067534894,0.09789031,0.04934391
1137,0.063765675,0.046430282,0.06725225,0.039421592
1138,0.1796192,0.2299649,0.24095197,0.18227649
1139,0.44776046,0.4035636,0.35944122,0.40318123
1140,0.022819728,0.021945706,0.039195724,0.02200983
1141,0.052976,0.061182585,0.061182585,0.061182585
1142,0.7396935,0.7705523,0.77027273,0.768759
1143,0.03059788,0.040484246,0.056452718,0.035565186
1144,0.8298678,0.794439,0.8606264,0.7093121
1145,0.022409415,0.022409415,0.022409415,0.024786577
1146,0.53490317,0.42366067,0.41590226,0.109888
1147,0.3064381,0.26823193,0.31089434,0.25478038
1148,0.13553832,0.16377935,0.23976491,0.13578479
1149,0.39216533,0.3740829,0.40323782,0.41246748
1150,0.14579217,0.1524897,0.17043263,0.14579217
1151,0.11414318,0.090324596,0.07995287,0.061208356
1152,0.8664282,0.794439,0.794439,0.7831066
1153,0.09973657,0.10426712,0.13744344,0.08892314
1154,0.44796297,0.35914785,0.32726312,0.37966302
1155,0.06620056,0.08555113,0.105704315,0.08136792
1156,0.042246304,0.05038952,0.06445186,0.052049723
1157,0.063871376,0.085967794,0.120890714,0.07252168
1158,0.06202457,0.060244165,0.06157117,0.056899387
1159,0.4511852,0.47675627,0.5106044,0.49910197
1160,0.065726474,0.40311074,0.08412598,0.056944266
1161,0.24298759,0.2865483,0.31089434,0.24266407
1162,0.08568602,0.08276698,0.0960877,0.08871647
1163,0.8604915,0.8604915,0.8604915,0.8103401
1164,0.24653299,0.24653299,0.37322944,0.23957355
1165,0.8785311,0.8785311,0.85263526,0.82382214
1166,0.07095064,0.071935885,0.08149856,0.05887249
1167,0.052015577,0.061627623,0.08432982,0.04860111
1168,0.05944112,0.05781846,0.05781846,0.05781846
1169,0.6048133,0.59421706,0.61903036,0.5567597
1170,0.16467483,0.123830944,0.20173757,0.16300352
1171,0.050112274,0.06996103,0.0693359,0.069353156
1172,0.0508992,0.05456929,0.07723183,0.050568998
1173,0.64033127,0.5876557,0.6125135,0.5579971
1174,0.040304996,0.064134456,0.079494864,0.047505684
1175,0.07371955,0.07344846,0.07259462,0.0765014
1176,0.21474902,0.18232958,0.19170973,0.20518263
1177,0.031429272,0.038369168,0.06489599,0.0283906
1178,0.035455056,0.03099708,0.03644965,0.029598529
1179,0.06997664,0.091715224,0.11300406,0.07725081
1180,0.59190667,0.59053737,0.4298813,0.35870022
1181,0.06734976,0.09168924,0.11733182,0.061612576
1182,0.47106427,0.42738935,0.46778628,0.31524375
1183,0.09239633,0.081245184,0.11441612,0.08580354
1184,0.0367414,0.0367414,0.0367414,0.027683478
1185,0.08979257,0.10277527,0.12316248,0.08979257
1186,0.2125992,0.31730545,0.35585067,0.27843013
1187,0.85731196,0.85731196,0.85731196,0.85731196
1188,0.31508744,0.31508735,0.40316966,0.34996036
1189,0.050202474,0.048530642,0.056710016,0.05008841
1190,0.86967546,0.84440964,0.8355208,0.84083104
1191,0.8014503,0.7769265,0.790069,0.7743416
1192,0.07890081,0.09522584,0.09784707,0.084702626
1193,0.5876557,0.6175776,0.66115546,0.62424356
1194,0.92671114,0.9017969,0.9017126,0.8843137
1195,0.0985947,0.113542214,0.15298809,0.091706485
1196,0.13375121,0.19217902,0.26350582,0.176475
1197,0.063659586,0.06604197,0.065814346,0.060184006
1198,0.06972832,0.08544302,0.109791346,0.07731431
1199,0.1003197,0.11394064,0.11211574,0.10320525
1200,0.13978693,0.13978693,0.13978693,0.093873344
1201,0.2197636,0.2197636,0.2197636,0.2197636
1202,0.2524903,0.24143347,0.2886604,0.20104276
1203,0.07193933,0.05576023,0.09376584,0.057662196
1204,0.125959,0.07366543,0.087804995,0.045742057
1205,0.80148154,0.8091876,0.8355208,0.8234504
1206,0.14905132,0.09209623,0.14367175,0.08087986
1207,0.05046777,0.033209585,0.021968491,0.030493654
1208,0.9324849,0.9324849,0.9324849,0.9156528
1209,0.08817991,0.083639525,0.09705198,0.049738582
1210,0.066589825,0.109101124,0.16042574,0.08093686
1211,0.051701657,0.05405431,0.05405431,0.05405431
1212,0.1487824,0.10758662,0.105644435,0.09674644
1213,0.16978382,0.12465092,0.19708942,0.094914936
1214,0.09508567,0.10221834,0.1326867,0.0984403
1215,0.0823251,0.07662814,0.15332669,0.090451345
1216,0.19218083,0.17261319,0.18208088,0.16087662
1217,0.040519223,0.077466846,0.077466846,0.077466846
1218,0.08402465,0.07057141,0.085141994,0.07777223
1219,0.3530442,0.3530442,0.3530442,0.35342768
1220,0.6850783,0.7093121,0.7093121,0.69542736
1221,0.055941798,0.05437403,0.058138046,0.055413872
1222,0.39895907,0.40332842,0.44479018,0.40285584
1223,0.9487771,0.94890654,0.8606264,0.94851506
1224,0.06134305,0.06031038,0.068943165,0.058780424
1225,0.15138192,0.12826177,0.14863856,0.09272429
1226,0.7685752,0.8022534,0.79847354,0.7702092
1227,0.13172883,0.10364741,0.13544576,0.09662859
1228,0.05256185,0.043409333,0.053893503,0.036726683
1229,0.1561546,0.16214208,0.24157853,0.15275122
1230,0.8513909,0.8606264,0.8785311,0.86442673
1231,0.056450598,0.12118844,0.16347931,0.08325073
1232,0.041162834,0.052885804,0.07327023,0.046170723
1233,0.053299025,0.053365823,0.06468181,0.047432415
1234,0.057941504,0.24250083,0.061586946,0.043852296
1235,0.17783569,0.17783569,0.17783569,0.18401825
1236,0.69542736,0.7093121,0.7335924,0.72634435
1237,0.48086745,0.49168736,0.5105316,0.4740892
1238,0.9480856,0.94026345,0.9470015,0.94167465
1239,0.15106098,0.114554614,0.15492041,0.09031279
1240,0.092015095,0.15624568,0.18209407,0.1154098
1241,0.056779493,0.0684758,0.07744348,0.06427879
1242,0.086084984,0.086084984,0.086084984,0.07748334
1243,0.0616663,0.05238288,0.072837375,0.052723676
1244,0.1799526,0.16555862,0.20681854,0.15298964
1245,0.771587,0.8355208,0.82866263,0.8275195
1246,0.0753763,0.14626414,0.22426745,0.12490158
1247,0.13950074,0.1600102,0.25179917,0.118018985
1248,0.78611434,0.78611434,0.88824683,0.77378434
1249,0.04240916,0.05996683,0.05996683,0.05996683
1250,0.06350801,0.06482803,0.06404361,0.05550469
1251,0.17253123,0.20935194,0.26554343,0.18865794
1252,0.8355208,0.8146333,0.7993615,0.8341803
1253,0.06405313,0.06405313,0.06405313,0.06405313
1254,0.1756703,0.18186997,0.1853929,0.18366222
1255,0.1216454,0.07954557,0.13285981,0.07888262
1256,0.17491639,0.15101263,0.15101263,0.14089516
1257,0.5092386,0.49814385,0.46472076,0.49052265
1258,0.4374498,0.44534016,0.4698248,0.44191387
1259,0.04634279,0.051716957,0.05961764,0.050824806
1260,0.8100521,0.824032,0.81364554,0.8060606
1261,0.15519163,0.1430096,0.14967667,0.13323356
1262,0.11376018,0.15572968,0.2159943,0.13537158
1263,0.09501138,0.11290493,0.13970889,0.10319798
1264,0.097551115,0.12672222,0.107901424,0.09772161
1265,0.44366938,0.3912769,0.40561482,0.3754025
1266,0.06902142,0.06902142,0.06902142,0.07284455
1267,0.7673311,0.72662675,0.77072984,0.73394036
1268,0.5154597,0.5289245,0.5586279,0.48455834
1269,0.06581754,0.089175805,0.11181867,0.076373234
1270,0.15196146,0.13333407,0.17026731,0.12655596
1271,0.04066911,0.045807652,0.05033533,0.04105368
1272,0.07056464,0.07466981,0.10301444,0.056783993
1273,0.327747,0.356343,0.4033423,0.3277469
1274,0.13402253,0.13402253,0.17446771,0.14902502
1275,0.09893155,0.17204721,0.26904532,0.13058665
1276,0.06205059,0.15162283,0.15162283,0.15162283
1277,0.1787641,0.1787641,0.15443559,0.21665718
1278,0.07211159,0.07596548,0.07611477,0.068236664
1279,0.06282769,0.06282769,0.06282769,0.06282769
1280,0.95634884,0.90172493,0.9646215,0.9591447
1281,0.31089434,0.32628906,0.3545231,0.31356317
1282,0.09134064,0.049912184,0.05973212,0.045059726
1283,0.10011518,0.098867476,0.14211513,0.09359217
1284,0.15320332,0.14053819,0.15409188,0.14648242
1285,0.06975962,0.062168743,0.086325034,0.058884002
1286,0.8942158,0.9017473,0.9167869,0.9005511
1287,0.058106318,0.058106318,0.058106318,0.05200979
1288,0.40553045,0.4032728,0.40324074,0.32271853
1289,0.1263316,0.09228954,0.07787512,0.08289199
1290,0.06760417,0.07230137,0.0677708,0.062361684
1291,0.05944112,0.0458778,0.0458778,0.0458778
1292,0.07938722,0.07826868,0.07474804,0.06913958
1293,0.053405013,0.053040843,0.051768076,0.048103396
1294,0.030570619,0.94992846,0.94992846,0.94992846
1295,0.051235773,0.03291835,0.05992284,0.061542835
1296,0.47255978,0.53490317,0.560968,0.5094624
1297,0.0807886,0.10246968,0.14935571,0.08754125
1298,0.8490525,0.8355208,0.8355208,0.8234948
1299,0.8796225,0.8796225,0.8796225,0.8796225
1300,0.66020566,0.6583744,0.6787262,0.65465796
1301,0.035187423,0.041801747,0.04218826,0.01696017
1302,0.93256277,0.93232936,0.93274575,0.93232936
1303,0.058669146,0.067851685,0.07547899,0.062300045
1304,0.948818,0.9265817,0.90181625,0.9156528
1305,0.08750942,0.069722325,0.08750942,0.06925018
1306,0.08516845,0.09270833,0.11496474,0.09206828
1307,0.10002629,0.12676911,0.1392391,0.10945683
1308,0.65724546,0.65724546,0.65724546,0.65724546
1309,0.4031728,0.40336162,0.43392465,0.40448168
1310,0.41063517,0.31089434,0.32424635,0.27476415
1311,0.08015536,0.07199036,0.103589065,0.062936574
1312,0.74444073,0.7044478,0.69725454,0.68489355
1313,0.35680133,0.26915863,0.35052967,0.25695375
1314,0.05949819,0.05949819,0.11228302,0.079233706
1315,0.5585613,0.53490317,0.6030454,0.5246311
1316,0.26734936,0.29476538,0.3636246,0.25714433
1317,0.08580444,0.08580444,0.08580444,0.08580444
1318,0.1117396,0.11139857,0.14813441,0.108787656
1319,0.14853664,0.116324425,0.13037255,0.10493982
1320,0.1034228,0.10934018,0.11480806,0.1034228
1321,0.10044643,0.08194121,0.08535552,0.0759246
1322,0.061679482,0.061679482,0.061679482,0.047771674
1323,0.92807406,0.92807406,0.93240315,0.9325723
1324,0.40462124,0.4351813,0.3758653,0.42017037
1325,0.07539808,0.07848226,0.10413783,0.071388565
1326,0.07245199,0.085989945,0.08341892,0.07251441
1327,0.1833043,0.21144426,0.2668693,0.1901352
1328,0.9590662,0.948954,0.9488849,0.9498817
1329,0.17382601,0.21038285,0.26809788,0.20130828
1330,0.06682492,0.07019846,0.07705327,0.0661968
1331,0.10294382,0.101387545,0.103279136,0.097059846
1332,0.74485254,0.53743565,0.57083803,0.48946744
1333,0.09217473,0.08801697,0.12076584,0.078821026
1334,0.94931275,0.9681986,0.9735252,0.9674449
1335,0.05944112,0.08567159,0.08567159,0.08567159
1336,0.46934426,0.44664377,0.4911813,0.43203655
1337,0.26390353,0.26901427,0.30123758,0.28429398
1338,0.85829,0.8606264,0.8606264,0.8606264
1339,0.07910665,0.090597175,0.11361125,0.0808102
1340,0.88824683,0.7597623,0.76901203,0.6650599
1341,0.06799935,0.070537195,0.07849128,0.056401197
1342,0.055204988,0.07857527,0.072934,0.06996557
1343,0.9590679,0.9601573,0.95947,0.95899534
1344,0.046542365,0.046542365,0.079069994,0.079069994
1345,0.84112954,0.2461231,0.41960424,0.20277551
1346,0.10187464,0.10180765,0.113069035,0.097426966
1347,0.14426392,0.14426392,0.14426392,0.12944354
1348,0.27460244,0.31089434,0.36865506,0.30423757
1349,0.15056047,0.31089434,0.33262715,0.2927731
1350,0.08918413,0.09218391,0.10394339,0.08635066
1351,0.29855525,0.29855525,0.29855525,0.29855525
1352,0.29051164,0.31025177,0.31089434,0.28636947
1353,0.04869549,0.050160896,0.053537294,0.050713796
1354,0.15207702,0.19511507,0.32106712,0.16098559
1355,0.37497357,0.32414854,0.32920516,0.31336793
1356,0.04258123,0.050460465,0.050010126,0.035704724
1357,0.07639636,0.10019142,0.14469948,0.08652938
1358,0.78537303,0.78537303,0.78537303,0.73094296
1359,0.6364068,0.660741,0.66555905,0.65699786
1360,0.10769304,0.15295425,0.19323358,0.13468517
1361,0.08082461,0.050914347,0.044856887,0.027590957
1362,0.17631479,0.19492501,0.19010583,0.19053607
1363,0.051386647,0.061723642,0.07094457,0.044156455
1364,0.06367525,0.059738975,0.06416204,0.05376384
1365,0.07941428,0.09735689,0.1240364,0.07736091
1366,0.83798975,0.8060606,0.82760876,0.80289555
1367,0.04971654,0.06549559,0.08842752,0.058700077
1368,0.07717564,0.09810841,0.14975414,0.08313893
1369,0.15383382,0.120952934,0.15383382,0.13534868
1370,0.0958237,0.09100127,0.095345154,0.087561086
1371,0.07493853,0.07873956,0.07852237,0.064480044
1372,0.483843,0.48120588,0.43332526,0.4146152
1373,0.105174966,0.14238077,0.1378993,0.11516404
1374,0.38888374,0.40266168,0.44106305,0.44106305
1375,0.10909045,0.14067024,0.15270184,0.12869756
1376,0.06565592,0.124329366,0.17107727,0.09445377
1377,0.23227662,0.2406148,0.23227651,0.19373298
1378,0.09109378,0.09109378,0.09109378,0.09109378
1379,0.34759387,0.36290938,0.41860098,0.3271657
1380,0.24385627,0.29751164,0.23146573,0.24895868
1381,0.16518615,0.23808196,0.2670264,0.19485563
1382,0.06611533,0.08190896,0.108701415,0.06441989
1383,0.08643353,0.06650009,0.076753184,0.06341629
1384,0.60113436,0.5990471,0.562682,0.60477525
1385,0.072583325,0.07602735,0.088654,0.07091106
1386,0.24010779,0.1962098,0.24656609,0.16827255
1387,0.039075125,0.051847156,0.053707965,0.04377222
1388,0.14884415,0.15415904,0.15568228,0.13775536
1389,0.06838634,0.06838634,0.06838634,0.06695258
1390,0.052238666,0.057069622,0.068341956,0.05366964
1391,0.093703106,0.08732796,0.0949686,0.08246057
1392,0.9156528,0.9463485,0.94992846,0.9462379
1393,0.02759671,0.36276683,0.36276683,0.36276683
1394,0.07739665,0.08554752,0.10223824,0.081346124
1395,0.15285209,0.15285209,0.15285209,0.15285209
1396,0.29463628,0.103623874,0.1291276,0.07348285
1397,0.9299454,0.9268777,0.93232936,0.9259329
1398,0.7093121,0.7156374,0.6711339,0.6844397
1399,0.034620844,0.023167085,0.022511402,0.014729834
1400,0.8356221,0.8020783,0.8060606,0.745289
1401,0.31089434,0.28054535,0.31089434,0.2760365
1402,0.04257801,0.060432024,0.068137296,0.056776665
1403,0.29729587,0.30838028,0.2775372,0.29729587
1404,0.19518094,0.19518094,0.19518094,0.20901914
1405,0.9277406,0.9247097,0.9325693,0.9216288
1406,0.33037764,0.32119364,0.40332443,0.31434697
1407,0.16070151,0.16070151,0.18696663,0.14688885
1408,0.039107233,0.039107233,0.039107233,0.039107233
1409,0.13099538,0.115082584,0.11754069,0.10259297
1410,0.06872109,0.074546434,0.09494942,0.07217207
1411,0.2763066,0.14909491,0.14173257,0.10659639
1412,0.3665773,0.44404596,0.44761112,0.35401607
1413,0.15124798,0.15800771,0.17726324,0.15480532
1414,0.17287739,0.16142698,0.21627465,0.15463065
1415,0.69287586,0.69287586,0.69287586,0.6364068
1416,0.055409852,0.053374093,0.061175004,0.050876055
1417,0.8431881,0.8486784,0.83578897,0.8391647
1418,0.090996295,0.08738436,0.120146886,0.07779226
1419,0.107435964,0.1199539,0.15676127,0.11183834
1420,0.10931243,0.1268706,0.1500457,0.10876876
1421,0.8606264,0.85653925,0.858819,0.85653514
1422,0.05660515,0.07240239,0.08982865,0.055949695
1423,0.08984089,0.10177477,0.10277269,0.0898409
1424,0.10555471,0.13218822,0.15077442,0.1116184
1425,0.07792834,0.08315456,0.10069905,0.08066213
1426,0.017797899,0.023558762,0.027560852,0.016780721
1427,0.11509724,0.123278484,0.13023613,0.103955746
1428,0.23635827,0.31352577,0.53490317,0.3523917
1429,0.053132933,0.06725648,0.08290811,0.05526242
1430,0.42235374,0.36334455,0.31089434,0.29540947
1431,0.11501021,0.11345608,0.124084935,0.11281369
1432,0.8606264,0.08666716,0.8785311,0.86870956
1433,0.048077893,0.09131283,0.09131283,0.09131283
1434,0.16336654,0.1599428,0.1808164,0.17718859
1435,0.8785311,0.9031129,0.9156528,0.8964622
1436,0.09825286,0.12060556,0.13317253,0.1044261
1437,0.10457831,0.15236959,0.18750918,0.1163104
1438,0.15572727,0.14923628,0.12982927,0.12860921
1439,0.9113821,0.92337817,0.9314055,0.9228171
1440,0.17630506,0.23380812,0.22685881,0.17787753
1441,0.25808856,0.2580886,0.29773653,0.25036174
1442,0.050803304,0.052466974,0.0677734,0.051203795
1443,0.38630927,0.32622784,0.31089434,0.2903341
1444,0.058059454,0.057054695,0.065189086,0.058063667
1445,0.40504646,0.39160773,0.41417053,0.40311345
1446,0.48220593,0.5154597,0.6048663,0.48406696
1447,0.46576566,0.4842427,0.46721646,0.5154597
1448,0.117677145,0.12948479,0.15531358,0.10544072
1449,0.07110439,0.06889866,0.0911826,0.055013
1450,0.46143237,0.5265549,0.53982997,0.5166154
1451,0.08879968,0.08314461,0.11093115,0.08879968
1452,0.22243947,0.1829386,0.26152843,0.19235733
1453,0.054220702,0.06651972,0.09838278,0.058069956
1454,0.59502816,0.15511607,0.15511607,0.15511607
1455,0.047479168,0.03899785,0.04470037,0.03661068
1456,0.7219504,0.8060606,0.8606264,0.799568
1457,0.044735555,0.03693495,0.05119276,0.037930496
1458,0.05088745,0.052409537,0.07031951,0.044241615
1459,0.07021327,0.069353394,0.087128974,0.06568725
1460,0.08547756,0.07521026,0.09698747,0.07971652
1461,0.08219947,0.0838049,0.078737594,0.07383607
1462,0.039284855,0.045816485,0.055656724,0.043453738
1463,0.15390572,0.14393714,0.14883308,0.12311764
1464,0.058105268,0.07021343,0.07417368,0.0549559
1465,0.08679316,0.0703522,0.08390318,0.06855746
1466,0.57636225,0.61379135,0.69542736,0.5876557
1467,0.0451249,0.0451249,0.0451249,0.036896702
1468,0.045730412,0.05051826,0.05092763,0.029693266
1469,0.15452491,0.17661457,0.2407669,0.15119602
1470,0.052752845,0.075124085,0.07448091,0.029486267
1471,0.8460707,0.26574567,0.23978703,0.20912515
1472,0.08595602,0.09706245,0.115729906,0.08879189
1473,0.9593523,0.9597009,0.9590273,0.9587453
1474,0.27893585,0.31457397,0.4032427,0.3056974
1475,0.44619852,0.44628668,0.4031772,0.43967512
1476,0.078611456,0.0630871,0.09199668,0.064268135
1477,0.46459895,0.4903684,0.5154597,0.45890883
1478,0.1472218,0.10166246,0.10779409,0.082037024
1479,0.07540731,0.111845985,0.16230096,0.09058134
1480,0.1240404,0.14977844,0.15163234,0.1240404
1481,0.05944112,0.16386323,0.19226874,0.19226874
1482,0.07737451,0.08071143,0.09708897,0.072572246
1483,0.116582155,0.14533718,0.18984006,0.10211002
1484,0.9897058,0.9897058,0.9897058,0.9897058
1485,0.6999541,0.7237983,0.8187742,0.7164735
1486,0.10344688,0.25198773,0.25198773,0.25198773
1487,0.07187047,0.07769134,0.066492245,0.071242176
1488,0.619784,0.58949375,0.49190572,0.45097947
1489,0.88505113,0.9125652,0.88824683,0.88824683
1490,0.15273188,0.113351814,0.14938085,0.12560365
1491,0.49730667,0.63056135,0.6210232,0.5876557
1492,0.04051384,0.077370286,0.070950426,0.05784661
1493,0.63852155,0.6405146,0.6058261,0.63485986
1494,0.14479963,0.12029621,0.14190058,0.0866018
1495,0.5154597,0.45853862,0.5154597,0.47941357
1496,0.038455516,0.046484776,0.06202366,0.038216982
1497,0.059274536,0.054973025,0.07501402,0.057174698
1498,0.6345215,0.590387,0.6484004,0.56556195
1499,0.28237605,0.31766284,0.38256606,0.31958684
1500,0.15101762,0.1510176,0.16996503,0.13386351
1501,0.36167616,0.32452062,0.44434682,0.31089434
1502,0.047125693,0.05109155,0.05615171,0.0499482
1503,0.8946171,0.8785311,0.88824683,0.89666057
1504,0.153839,0.153839,0.153839,0.153839
1505,0.069790944,0.06817455,0.06609769,0.060845513
1506,0.07390332,0.076623976,0.076623976,0.076623976
1507,0.055722613,0.04753111,0.058548458,0.047155213
1508,0.270054,0.24789162,0.28233823,0.22189696
1509,0.12304378,0.12304378,0.12304378,0.12304378
1510,0.08263994,0.07053989,0.0875776,0.06257773
1511,0.14504896,0.14654684,0.15487592,0.1316641
1512,0.44542655,0.35273072,0.3445674,0.32654408
1513,0.2058479,0.15519889,0.14898483,0.11087437
1514,0.076707445,0.080664046,0.101628646,0.07220944
1515,0.122830965,0.17025112,0.15497495,0.14611676
1516,0.05944112,0.29617065,0.29617065,0.29617065
1517,0.0823807,0.08238071,0.097035035,0.09801245
1518,0.15065596,0.08951347,0.15065596,0.08039543
1519,0.06870501,0.059425563,0.09097384,0.04304102
1520,0.026180897,0.029234348,0.038556993,0.02812062
1521,0.051738247,0.05707015,0.06727341,0.05361156
1522,0.40319848,0.44211096,0.46998325,0.4032373
1523,0.0046076886,0.051666405,0.049502596,0.043649703
1524,0.057211224,0.061181832,0.072413824,0.060792003
1525,0.09503068,0.08316329,0.09543352,0.077860035
1526,0.15003835,0.15003835,0.15003835,0.15003835
1527,0.16966201,0.17658727,0.23804258,0.16057205
1528,0.066840574,0.0714408,0.054336865,0.045903623
1529,0.90535927,0.90906805,0.9018069,0.9018151
1530,0.0752229,0.06390564,0.06810419,0.04062351
1531,0.06051692,0.08559143,0.08559143,0.061513525
1532,0.78827065,0.8060606,0.8355208,0.7959445
1533,0.07438589,0.072008364,0.09013217,0.06610838
1534,0.10591457,0.11497455,0.15493362,0.11738428
1535,0.11527808,0.106482595,0.12820166,0.11189355
1536,0.078105904,0.1159964,0.16391236,0.08970313
1537,0.32921532,0.3383722,0.33810812,0.26234412
1538,0.15034036,0.15392978,0.18288523,0.15232632
1539,0.46730363,0.44784182,0.49431926,0.41965955
1540,0.019291086,0.020317543,0.015024025,0.012960836
1541,0.08061082,0.076719366,0.11361552,0.06278289
1542,0.06850502,0.0054553747,0.0030929765,0.002822518
1543,0.061870676,0.102628924,0.13464057,0.08385504
1544,0.51390535,0.69542736,0.5215057,0.5154597
1545,0.07215326,0.07215323,0.10856107,0.07720324
1546,0.84885514,0.8606264,0.8606264,0.82144225
1547,0.12784415,0.12784415,0.12784415,0.079979904
1548,0.073461965,0.078241155,0.087427005,0.0713518
1549,0.31773922,0.31773922,0.37138927,0.31089434
1550,0.89849746,0.9190912,0.9156528,0.89849746
1551,0.05579785,0.054526083,0.05722496,0.051836316
1552,0.12969826,0.15234433,0.17072846,0.1507138
1553,0.26193878,0.16510732,0.15333407,0.10455608
1554,0.11112937,0.1330554,0.1546873,0.11885745
1555,0.879104,0.8606264,0.86265004,0.8606264
1556,0.074862406,0.061359666,0.07784044,0.060366575
1557,0.0669689,0.07719794,0.10209508,0.085071646
1558,0.24170792,0.22643018,0.37665397,0.2408066
1559,0.4378464,0.4033023,0.4311545,0.40313962
1560,0.13926075,0.10235944,0.12471726,0.101739414
1561,0.2927707,0.31089434,0.30479842,0.31089434
1562,0.06044762,0.06104881,0.06285258,0.059592966
1563,0.047406103,0.058666244,0.08202617,0.052175473
1564,0.06741998,0.09337475,0.078176305,0.06554368
1565,0.34703606,0.34703606,0.34703606,0.31089434
1566,0.06844895,0.08541908,0.11396865,0.06986024
1567,0.09092195,0.09092195,0.23996904,0.07634612
1568,0.060423743,0.060423743,0.092363715,0.06702802
1569,0.07572133,0.08850426,0.114575244,0.07760386
1570,0.053391013,0.059490252,0.06981991,0.0449034
1571,0.15266165,0.10367956,0.1195542,0.105258405
1572,0.109849945,0.11957047,0.15077718,0.11851196
1573,0.32192844,0.34245473,0.40025342,0.34479782
1574,0.93062675,0.93232936,0.93232936,0.9226659
1575,0.12711038,0.15097487,0.16141704,0.14495042
1576,0.32678336,0.21116363,0.3278042,0.31089434
1577,0.11164521,0.24121062,0.31089434,0.16922128
1578,0.116920345,0.081182785,0.106495716,0.061103877
1579,0.086206414,0.08508543,0.096082635,0.08609119
1580,0.06311678,0.061840434,0.06402526,0.047041096
1581,0.8355208,0.8402383,0.853642,0.8355208
1582,0.3239854,0.31089434,0.31934792,0.31089434
1583,0.75617987,0.7093121,0.74464697,0.69542736
1584,0.15128332,0.15128332,0.15128332,0.13389297
1585,0.12256174,0.110159524,0.12183504,0.09720958
1586,0.07248043,0.07802357,0.10385026,0.071259245
1587,0.29700848,0.31266806,0.36440012,0.32185054
1588,0.78390807,0.78390807,0.7776518,0.8040517
1589,0.10281334,0.090452194,0.1270057,0.08917264
1590,0.08751189,0.10483531,0.14882168,0.10044295
1591,0.14942494,0.1152226,0.13425685,0.120651715
1592,0.129613,0.12912743,0.14284816,0.111011475
1593,0.031472757,0.06162096,0.08327541,0.047934774
1594,0.04051924,0.066945255,0.066945255,0.066945255
1595,0.27788848,0.26060718,0.26562375,0.24235229
1596,0.37593234,0.39612985,0.42026082,0.37593222
1597,0.12054317,0.07911248,0.06898011,0.06185595
1598,0.07951383,0.09693169,0.12629251,0.08286919
1599,0.116582155,0.14533718,0.18984006,0.10211
1600,0.03262968,0.045834478,0.064040035,0.03707015
1601,0.6470211,0.5526657,0.63068306,0.4460065
1602,0.23986891,0.31089434,0.3460631,0.24277624
1603,0.14914677,0.117134325,0.17208423,0.09669825
1604,0.30605793,0.34868088,0.3903276,0.31089434
1605,0.8883204,0.8602145,0.8785311,0.8355208
1606,0.18006231,0.23996446,0.24081944,0.17612275
1607,0.07270138,0.107875414,0.107875414,0.107875414
1608,0.09721863,0.15472992,0.17246994,0.12195132
1609,0.2403895,0.23990859,0.29642433,0.21730132
1610,0.087786324,0.10688416,0.1408641,0.086819224
1611,0.90025187,0.90174735,0.9039018,0.9013311
1612,0.6579104,0.6217614,0.6579104,0.63496333
1613,0.032779396,0.030338593,0.032037575,0.030606959
1614,0.50307363,0.50532377,0.5063853,0.5139742
1615,0.03176659,0.032385137,0.050770614,0.033784587
1616,0.33894226,0.35148898,0.4020605,0.34785706
1617,0.6335764,0.55017304,0.60081935,0.5376589
1618,0.31089434,0.27443781,0.2552958,0.19713692
1619,0.13440752,0.12536012,0.15457314,0.11099701
1620,0.73128265,0.73088276,0.7356588,0.72936594
1621,0.17448382,0.11857088,0.14471883,0.1007473
1622,0.10769239,0.104159,0.1171932,0.09900623
1623,0.050142586,0.05109585,0.061506175,0.04583309
1624,0.0806641,0.086073324,0.102189355,0.08110187
1625,0.059140798,0.08595565,0.12637582,0.07462075
1626,0.10247368,0.087525226,0.08473078,0.06464708
1627,0.0583758,0.06386743,0.08707163,0.063901305
1628,0.91799295,0.9227068,0.93232936,0.91650337
1629,0.043090325,0.07032529,0.07822105,0.049059846
1630,0.032480348,0.03940045,0.045641784,0.034092136
1631,0.03619032,0.049761772,0.06334978,0.038366534
1632,0.032139786,0.047710694,0.050312735,0.035569884
1633,0.90176415,0.90174365,0.9017652,0.9017529
1634,0.40037537,0.4463922,0.44975477,0.43967032
1635,0.6347615,0.6387584,0.6521404,0.6364068
1636,0.101712905,0.104478136,0.13898617,0.09951695
1637,0.34850714,0.29977384,0.30134416,0.2840069
1638,0.46258044,0.47167185,0.47167185,0.47167185
1639,0.2076379,0.08401802,0.15220845,0.07037714
1640,0.079348825,0.07763605,0.08121789,0.07959717
1641,0.5154597,0.53490317,0.5486131,0.53490317
1642,0.056599654,0.049526002,0.05316245,0.05011939
1643,0.83127403,0.7078708,0.76252586,0.7093121
1644,0.31089434,0.31089434,0.3521319,0.26609224
1645,0.07759123,0.096375674,0.101513825,0.09122878
1646,0.099155106,0.10749606,0.13385381,0.097016566
1647,0.15085179,0.13768065,0.1385704,0.12921615
1648,0.068657026,0.06512325,0.08157554,0.06230355
1649,0.14661713,0.12218399,0.14960794,0.11248628
1650,0.059869844,0.07672244,0.07166011,0.05871283
1651,0.2235297,0.1822015,0.24234943,0.17344616
1652,0.03528534,0.21801938,0.19436361,0.21052697
1653,0.24211031,0.25724554,0.25730664,0.24196145
1654,0.0857808,0.099683255,0.11349475,0.087033994
1655,0.9895594,0.9897058,0.98887956,0.9897058
1656,0.0386997,0.0386997,0.0386997,0.02442688
1657,0.052835375,0.07351524,0.07351524,0.07351524
1658,0.96602404,0.94992846,0.9584755,0.9480856
1659,0.06875631,0.08720592,0.12629877,0.07380466
1660,0.2417379,0.24143688,0.24093996,0.23974282
1661,0.051256064,0.053807262,0.0694159,0.05306925
1662,0.15120247,0.10069877,0.09887659,0.084824115
1663,0.0686074,0.058825877,0.067536525,0.058803983
1664,0.08427987,0.09053111,0.13623852,0.07905605
1665,0.10236422,0.07203461,0.077533625,0.05423294
1666,0.24841177,0.27247277,0.31089434,0.24134006
1667,0.2773714,0.24160431,0.28600934,0.2093643
1668,0.10357938,0.10319798,0.11430529,0.09894213
1669,0.744816,0.7948028,0.78853774,0.794439
1670,0.15126109,0.11623339,0.15252355,0.09136845
1671,0.055920172,0.05501115,0.061660487,0.054663844
1672,0.10254224,0.103346564,0.11383056,0.09865418
1673,0.09227146,0.09907163,0.10328812,0.092271484
1674,0.06503427,0.075341634,0.10156303,0.06639468
1675,0.92015254,0.9156528,0.9153029,0.9035828
1676,0.13540475,0.13540475,0.13540475,0.13540475
1677,0.55791897,0.61553985,0.6364068,0.6048865
1678,0.96992636,0.974786,0.97116625,0.9754907
1679,0.16344722,0.19176067,0.32998976,0.15278804
1680,0.031014679,0.055756517,0.069341175,0.042301428
1681,0.63104427,0.6168772,0.5629089,0.5876557
1682,0.047258,0.053589717,0.09971172,0.05094766
1683,0.10352403,0.11076585,0.14984377,0.15453945
1684,0.6196188,0.6218622,0.6364068,0.6196188
1685,0.11329999,0.11493233,0.14979738,0.1135886
