,Unnamed: 0,score,Emily_score,Greg_score,Jamal_score,Lakisha_score
0,345,0.12417546,0.12417546,0.12417546,0.12417546,0.12417546
1,346,0.4849439,0.09375281,0.051528737,0.09794506,0.037695765
2,347,0.8043829,0.8043829,0.8043829,0.8043829,0.8043829
3,348,0.45910648,0.008825631,0.013661851,0.016652334,0.0067449636
4,349,0.05214464,0.05214464,0.05214464,0.05214464,0.05214464
5,350,0.044029128,0.09375279,0.051528737,0.09794506,0.037695765
6,351,0.97315156,0.97960037,0.9848551,0.9812386,0.97013223
7,352,0.2638096,0.057015855,0.053001344,0.061990052,0.051434703
8,353,0.8606264,0.07727727,0.05304583,0.07861698,0.051922265
9,354,0.096610844,0.096610844,0.096610844,0.096610844,0.096610844
10,355,0.044613995,0.12576447,0.06369108,0.118914254,0.0645597
11,356,0.3142961,0.178032,0.18218873,0.18322332,0.17941351
12,357,0.49484167,0.15027243,0.27672207,0.24030754,0.24182792
13,358,0.14989996,0.14989996,0.14989996,0.14989996,0.14989996
14,359,0.8060606,0.8060606,0.8060606,0.8060606,0.8060606
15,360,0.1498377,0.068537325,0.042579923,0.0676338,0.03701
16,361,0.379475,0.08451949,0.10927436,0.13262346,0.09987404
17,362,0.35422483,0.29395783,0.31724367,0.37457183,0.31089434
18,363,0.013838169,0.015455856,0.021913413,0.024600908,0.030250223
19,364,0.7448382,0.7448382,0.7448382,0.7448382,0.7448382
20,365,0.9897058,0.9897058,0.9901148,0.9897058,0.9897058
21,366,0.15393208,0.15393208,0.15393208,0.15393208,0.15393208
22,367,0.35519844,0.64826846,0.71359354,0.69938165,0.6670621
23,368,0.061372403,0.09757634,0.1287863,0.11787961,0.09396992
24,369,0.6047338,0.058114775,0.059434205,0.08384534,0.04970187
25,370,0.39123276,0.39123276,0.39123276,0.39123276,0.39123276
26,371,0.40787512,0.40787512,0.40787512,0.40787512,0.40787512
27,372,0.07451897,0.08445913,0.08494508,0.09966615,0.08637772
28,373,0.1097521,0.15906325,0.11330831,0.18852858,0.10757083
29,374,0.13150294,0.043253057,0.048196007,0.059024166,0.045472946
30,375,0.061113153,0.06764506,0.05121982,0.06532262,0.027862461
31,376,0.12701628,0.11635688,0.15682252,0.15210512,0.1517221
32,377,0.20646411,0.20646411,0.20646411,0.20646411,0.20646411
33,378,0.06546748,0.040593587,0.062241014,0.07533554,0.04537034
34,379,0.86419123,0.67775834,0.7150901,0.74380994,0.7130158
35,380,0.49112812,0.10894774,0.118687116,0.15194134,0.08709331
36,381,0.77060366,0.059955653,0.08437149,0.077880055,0.049900662
37,382,0.100277014,0.060445033,0.062142067,0.060191475,0.06282351
38,383,0.07133968,0.108540274,0.10345922,0.10469829,0.08288668
39,384,0.24138372,0.24210048,0.24996589,0.24826227,0.257349
40,385,0.0840705,0.11444791,0.13604712,0.14881971,0.13709566
41,386,0.07462884,0.07462884,0.07462884,0.07462884,0.07462884
42,387,0.44752702,0.44752702,0.44752702,0.44752702,0.44752702
43,388,0.3606775,0.053535968,0.039718412,0.05977898,0.04129365
44,389,0.5530122,0.11222376,0.102773465,0.109784454,0.104084454
45,390,0.064562276,0.076026,0.07496236,0.1032705,0.07198337
46,391,0.7731617,0.109449826,0.15299803,0.16671053,0.13255526
47,392,0.09958848,0.12182238,0.13422778,0.18150298,0.12257708
48,393,0.7696527,0.76848316,0.7705122,0.7687253,0.77491593
49,394,0.16497143,0.07861318,0.047910493,0.091511235,0.052652918
50,395,0.07697384,0.07697384,0.07697384,0.07697384,0.07697384
51,396,0.95131403,0.95131403,0.95131403,0.95131403,0.95131403
52,397,0.08092368,0.10754487,0.05528058,0.11175735,0.06649999
53,398,0.14949687,0.05235472,0.062651604,0.08821287,0.03739623
54,399,0.07720832,0.07720832,0.07720832,0.07720832,0.07720832
55,400,0.08990584,0.08321145,0.08644974,0.1312615,0.085258946
56,401,0.089566216,0.089566216,0.089566216,0.089566216,0.089566216
57,402,0.087514296,0.06791863,0.07919674,0.09142567,0.060977414
58,403,0.16546579,0.1414941,0.19288765,0.19186577,0.17703393
59,404,0.6045807,0.66198504,0.690856,0.6985791,0.632431
60,405,0.89013106,0.6293562,0.66845006,0.6613394,0.5154597
61,406,0.64286625,0.15385744,0.17626284,0.24101633,0.11164131
62,407,0.051109817,0.048946057,0.060184278,0.07749899,0.04559327
63,408,0.049197365,0.0139296595,0.036140777,0.03925886,0.011034323
64,409,0.1077732,0.13246323,0.119675025,0.1547801,0.11569134
65,410,0.89613044,0.8606264,0.90069985,0.88546944,0.8361677
66,411,0.16414915,0.16414915,0.16414915,0.16414915,0.16414915
67,412,0.2767749,0.10015552,0.10873494,0.11728765,0.100806914
68,413,0.604768,0.56086785,0.6358631,0.6048147,0.5905665
69,414,0.9627724,0.9790141,0.98081344,0.9800028,0.97699755
70,415,0.15582243,0.12046868,0.44153488,0.24119157,0.102513425
0,416,0.11706321,0.042739466,0.051370937,0.0522884,0.04938671
1,417,0.836984,0.85539067,0.880833,0.8606264,0.8606264
2,418,0.09385793,0.08462421,0.064956576,0.07951272,0.057795875
3,419,0.13360648,0.10657344,0.0448762,0.086767636,0.039197754
4,420,0.0987709,0.0987709,0.0987709,0.0987709,0.0987709
5,421,0.05309403,0.05309403,0.05309403,0.05309403,0.05309403
6,422,0.5252105,0.5610736,0.57272846,0.57894164,0.561305
7,423,0.5597396,0.28639176,0.3081381,0.34917462,0.3297779
8,424,0.17889215,0.17889215,0.17889215,0.17889215,0.17889215
9,425,0.06106974,0.100123465,0.10425726,0.14827491,0.085472554
10,426,0.058562644,0.085567184,0.085353754,0.11158068,0.08060165
11,427,0.793083,0.0769522,0.10686469,0.10585118,0.08485786
12,428,0.11798455,0.07892699,0.09876804,0.11409402,0.09220015
13,429,0.4895143,0.63518447,0.69542736,0.6604694,0.6364068
14,430,0.4292376,0.050102673,0.31089434,0.065892935,0.051948432
15,431,0.30415708,0.080507256,0.09430527,0.10501691,0.105285406
16,432,0.09226603,0.09226603,0.09226603,0.09226603,0.09226603
17,433,0.1628375,0.15319951,0.16168848,0.16964665,0.15837178
18,434,0.24035442,0.24035442,0.24035442,0.24035442,0.24035442
19,435,0.5932157,0.5654318,0.60470676,0.59856874,0.5971288
20,436,0.055856306,0.0006458549,0.0016698673,0.0015491933,0.0014744134
21,437,0.062491838,0.077137046,0.092366844,0.0840444,0.09206541
22,438,0.21300532,0.09375279,0.051528737,0.09794506,0.037695765
23,439,0.062083997,0.10657344,0.0448762,0.086767636,0.039197754
24,440,0.3602763,0.1205284,0.15061869,0.13314337,0.14748438
25,441,0.13032678,0.13032678,0.13032678,0.13032678,0.13032678
26,442,0.068249516,0.055763844,0.06241674,0.06565282,0.06257454
27,443,0.10935152,0.0074081263,0.03156375,0.02757644,0.017720202
28,444,0.9002991,0.9002991,0.9002991,0.9002991,0.9002991
29,445,0.6341368,0.063664794,0.06693531,0.1019761,0.060157787
30,446,0.06174837,0.068573594,0.03438408,0.065683074,0.04073646
31,447,0.047094602,0.047094602,0.047094602,0.047094602,0.047094602
32,448,0.023782842,0.023782842,0.023782842,0.023782842,0.023782842
33,449,0.95880705,0.9613579,0.9611236,0.9611721,0.96134114
34,450,0.27061006,0.24072261,0.24167658,0.24198832,0.24134558
35,451,0.7746565,0.53490317,0.5904893,0.5994684,0.5252268
36,452,0.7210549,0.7210549,0.7210549,0.7210549,0.7210549
37,453,0.58935887,0.3218817,0.4128015,0.40352193,0.5441335
38,454,0.13977303,0.14996567,0.13569525,0.136145,0.12551261
39,455,0.08311843,0.08311843,0.08311843,0.08311843,0.08311843
40,456,0.38899755,0.118666865,0.12182182,0.14255925,0.113157585
41,457,0.22001085,0.7684084,0.78814983,0.7860807,0.77579516
42,458,0.20006678,0.09375279,0.051528737,0.09794506,0.037695765
43,459,0.73275197,0.1101458,0.17115375,0.1486454,0.14507034
44,460,0.061646674,0.068573385,0.04546676,0.09097862,0.037535932
45,461,0.15447703,0.15447703,0.15447703,0.15447703,0.15447703
46,462,0.62074417,0.6341961,0.63447034,0.60514414,0.58547527
47,463,0.333811,0.5058873,0.49634612,0.51819557,0.4527462
48,464,0.04284075,0.064138435,0.03479298,0.061771315,0.03167422
49,465,0.8749361,0.8749361,0.8749361,0.8749361,0.8749361
50,466,0.0856715,0.076777264,0.07977216,0.08099602,0.07373506
51,467,0.1058464,0.1058464,0.1058464,0.1058464,0.1058464
52,468,0.80578995,0.80578995,0.80578995,0.80578995,0.80578995
53,469,0.02563725,0.061936524,0.056805618,0.06698442,0.05904986
54,470,0.770347,0.05089289,0.08032872,0.07935478,0.061195597
55,471,0.6546367,0.6546367,0.6546367,0.6546367,0.6546367
56,472,0.7216701,0.21299684,0.2643179,0.25547817,0.24354394
57,473,0.07214073,0.059950348,0.06668509,0.070040815,0.060576636
58,474,0.017712155,0.017712155,0.017712155,0.017712155,0.017712155
59,475,0.08537037,0.08122031,0.059885275,0.09734132,0.057018388
60,476,0.05428824,0.07685864,0.057730194,0.08074672,0.051494267
61,477,0.8723443,0.058616363,0.058134854,0.07697412,0.06037487
62,478,0.09380265,0.1293965,0.13370016,0.16002738,0.07801269
63,479,0.9595688,0.9525036,0.9594616,0.9590444,0.95262015
64,480,0.15422982,0.074673094,0.08113501,0.118426695,0.05522892
65,481,0.46107864,0.022239255,0.049524784,0.046776738,0.060014248
66,482,0.050849423,0.05297843,0.04525556,0.06566202,0.042360164
67,483,0.7370787,0.0898314,0.06674,0.09237338,0.061239626
68,484,0.3904488,0.07019144,0.06216813,0.0826725,0.067931585
69,485,0.2620965,0.050388202,0.052399904,0.073738515,0.06298119
70,486,0.12767126,0.10207181,0.11124806,0.13904251,0.08938591
71,487,0.13128279,0.058187786,0.09090374,0.09648656,0.07950782
72,488,0.3195157,0.037684567,0.05531785,0.062000707,0.052326713
73,489,0.1440664,0.1440664,0.1440664,0.1440664,0.1440664
74,490,0.69542736,0.69542736,0.69542736,0.69542736,0.69542736
75,491,0.556069,0.556069,0.556069,0.556069,0.556069
76,492,0.18118003,0.18118003,0.18118003,0.18118003,0.18118003
77,493,0.314754,0.314754,0.314754,0.314754,0.314754
78,494,0.38749024,0.06904351,0.077933654,0.080109365,0.071357146
79,495,0.7403211,0.8060606,0.88824683,0.8785311,0.856585
80,496,0.27854687,0.0745055,0.048788954,0.08105657,0.044852436
81,497,0.24028671,0.101071194,0.07418459,0.09085991,0.0739493
82,498,0.8355208,0.88824683,0.9085476,0.8962681,0.8606264
83,499,0.06647454,0.07097973,0.07356164,0.079964526,0.068816885
84,500,0.6364068,0.54669327,0.6013085,0.5876557,0.57755166
85,501,0.03911824,0.03911824,0.03911824,0.03911824,0.03911824
86,502,0.12929781,0.12929781,0.12929781,0.12929781,0.12929781
87,503,0.5840784,0.5840784,0.5840784,0.5840784,0.5840784
88,504,0.19013868,0.110744506,0.12585789,0.15526472,0.11571899
89,505,0.1284585,0.07383945,0.09302745,0.11867034,0.07956968
90,506,0.60274905,0.60274905,0.60274905,0.60274905,0.60274905
91,507,0.14980036,0.14980036,0.14980036,0.14980036,0.14980036
92,508,0.16372108,0.077959046,0.08570044,0.08493804,0.08500155
93,509,0.06644128,0.08273443,0.08589759,0.11715089,0.061227597
94,510,0.102069944,0.09096222,0.09470446,0.10818934,0.10053745
95,511,0.72979426,0.05429775,0.032839853,0.075768694,0.034946278
96,512,0.052613165,0.070661224,0.051463626,0.105867356,0.0558969
97,513,0.1716584,0.069268025,0.07265612,0.0852271,0.076081194
98,514,0.8606264,0.8606264,0.8606264,0.8606264,0.8606264
99,515,0.40335795,0.40335795,0.40335795,0.40335795,0.40335795
100,516,0.082520425,0.11237046,0.07864267,0.1362375,0.114921615
101,517,0.18642497,0.18642497,0.18642497,0.18642497,0.18642497
102,518,0.4031252,0.5721978,0.6617058,0.62151086,0.6400845
103,519,0.37757698,0.19517893,0.08537676,0.21391428,0.09504989
104,520,0.15715972,0.052153967,0.037128568,0.040692005,0.033007473
105,521,0.15508263,0.15508263,0.15508263,0.15508263,0.15508263
106,522,0.7453135,0.7453135,0.7453135,0.7453135,0.7453135
107,523,0.04308006,0.04308006,0.04308006,0.04308006,0.04308006
108,524,0.078011766,0.08376546,0.05300708,0.087152705,0.05693189
109,525,0.24737886,0.24737886,0.24737886,0.24737886,0.24737886
0,595,0.067996934,0.08056775,0.07135878,0.06838816,0.06786621
1,596,0.045265913,0.11983013,0.072006054,0.116225384,0.07761974
2,597,0.8062025,0.17824006,0.18579407,0.19224818,0.1831488
3,598,0.15938844,0.11172746,0.16585584,0.17967713,0.15152924
4,599,0.19613183,0.14929475,0.19296525,0.17082731,0.14874938
5,600,0.79006875,0.79006875,0.79006875,0.79006875,0.79006875
6,601,0.6351822,0.6351822,0.6351822,0.6351822,0.6351822
7,602,0.7736482,0.7736482,0.7736482,0.7736482,0.7736482
8,603,0.21700457,0.10038313,0.08701835,0.056006245,0.052530456
9,604,0.29946032,0.068573594,0.03438408,0.065683074,0.04073646
10,605,0.10174476,0.10174476,0.10174476,0.10174476,0.10174476
11,606,0.8155774,0.044970006,0.04764688,0.061637398,0.0465228
12,607,0.046693444,0.046693444,0.046693444,0.046693444,0.046693444
13,608,0.061975155,0.061975155,0.061975155,0.061975155,0.061975155
14,609,0.094658725,0.094658725,0.094658725,0.094658725,0.094658725
15,610,0.27685142,0.042909823,0.045337215,0.056971315,0.04603945
16,611,0.08420446,0.072427124,0.08904054,0.09416316,0.07789315
17,612,0.06574431,0.03796034,0.036905125,0.06222616,0.033411317
18,613,0.70188355,0.70188355,0.70188355,0.70188355,0.70188355
19,614,0.16339082,0.16339082,0.16339082,0.16339082,0.16339082
20,615,0.061214577,0.061214577,0.061214577,0.061214577,0.061214577
21,616,0.10853094,0.10853094,0.10853094,0.10853094,0.10853094
22,617,0.84269387,0.9433488,0.94832593,0.9480856,0.93232936
23,618,0.31089434,0.32030988,0.37851253,0.4074655,0.35277393
24,619,0.1692184,0.1692184,0.1692184,0.1692184,0.1692184
25,620,0.86180323,0.86180323,0.86180323,0.86180323,0.86180323
26,621,0.69542736,0.768258,0.7939126,0.774987,0.80462223
27,622,0.24101235,0.2822436,0.3561913,0.41889906,0.24082576
28,623,0.8785311,0.93232936,0.9480856,0.9409876,0.93232936
29,624,0.4790134,0.4560005,0.4889633,0.49051818,0.31089434
30,625,0.47571084,0.47571084,0.47571084,0.47571084,0.47571084
31,626,0.25965557,0.25965557,0.25965557,0.25965557,0.25965557
32,627,0.1250337,0.09580071,0.11635411,0.12732337,0.10456451
33,628,0.9480856,0.9480856,0.9480856,0.9480856,0.9480856
34,629,0.62227786,0.62227786,0.62227786,0.62227786,0.62227786
35,630,0.036555912,0.034201175,0.040189356,0.05884879,0.034797214
36,631,0.88824683,0.90173495,0.90996855,0.9018234,0.9008184
37,632,0.55832106,0.2403404,0.31089434,0.27525502,0.18403928
38,633,0.69542736,0.62184083,0.66408277,0.6594611,0.6051596
39,634,0.08044037,0.05016679,0.061656803,0.057962757,0.015242589
40,635,0.09147357,0.08812872,0.0767669,0.10127317,0.068575226
41,636,0.794439,0.794439,0.794439,0.794439,0.794439
42,637,0.084548905,0.043405063,0.04939342,0.080238,0.038099766
43,638,0.16471368,0.16471368,0.16471368,0.16471368,0.16471368
44,639,0.6289281,0.062244263,0.051216807,0.07090367,0.04730523
45,640,0.8060606,0.8060606,0.8060606,0.8060606,0.8060606
46,641,0.06861083,0.050736766,0.054720722,0.07147014,0.048378006
47,642,0.15285462,0.14956665,0.2649001,0.23145497,0.1305636
48,643,0.28813556,0.28813556,0.28813556,0.28813556,0.28813556
49,644,0.69542736,0.8229474,0.85968584,0.85265493,0.84504354
50,645,0.91315335,0.90808797,0.93232936,0.92009646,0.9266681
51,646,0.17526351,0.17526351,0.17526351,0.17526351,0.17526351
52,647,0.070521675,0.06842717,0.06910633,0.075859085,0.06398719
53,648,0.77661896,0.77661896,0.77661896,0.77661896,0.77661896
54,649,0.9352344,0.9324937,0.9464278,0.9338425,0.93576264
55,650,0.10288182,0.08285257,0.08241736,0.08893875,0.07841301
56,651,0.77384204,0.5876557,0.63125485,0.6363923,0.5744001
57,652,0.713141,0.09709829,0.082136765,0.11428559,0.085599504
58,653,0.27037388,0.25076434,0.28948784,0.30296338,0.27190742
59,654,0.22515786,0.22515786,0.22515786,0.22515786,0.22515786
60,655,0.37314853,0.37314853,0.37314853,0.37314853,0.37314853
61,656,0.1564175,0.027663795,0.025813213,0.038558494,0.017328395
62,657,0.97411436,0.969431,0.97686553,0.97352725,0.9768131
63,658,0.094876744,0.097675696,0.13065405,0.14262743,0.15073566
64,659,0.090431355,0.054382686,0.05793722,0.06908527,0.06163585
65,660,0.05695071,0.023240928,0.060177714,0.059115287,0.04947195
66,661,0.43915856,0.8010345,0.8406878,0.8277948,0.7688411
67,662,0.10437544,0.08602621,0.08915683,0.09509017,0.08873864
68,663,0.1171484,0.07973303,0.08906488,0.10041221,0.0992899
69,664,0.040274587,0.049941223,0.05068432,0.07332592,0.036406077
70,665,0.060301133,0.060301133,0.060301133,0.060301133,0.060301133
71,666,0.06265187,0.084701665,0.07064673,0.098438025,0.0730625
72,667,0.124383576,0.1234632,0.15469113,0.16730677,0.15095218
73,668,0.7093121,0.7093121,0.7093121,0.7093121,0.7093121
74,669,0.81576216,0.9112049,0.9252048,0.9156528,0.9263299
75,670,0.08404578,0.09071008,0.08932756,0.103811935,0.077305585
76,671,0.16316098,0.027543256,0.058789335,0.050797336,0.032973345
77,672,0.8606264,0.114619836,0.15045306,0.15270044,0.15198782
78,673,0.06641942,0.06641942,0.06641942,0.06641942,0.06641942
79,674,0.37723693,0.66247064,0.6663692,0.6722615,0.64781713
80,675,0.7385244,0.7385244,0.7385244,0.7385244,0.7385244
81,676,0.15452923,0.15890665,0.17793065,0.17326774,0.1614986
82,677,0.11154344,0.11154344,0.11154344,0.11154344,0.11154344
83,678,0.43765646,0.1590254,0.13909744,0.19017713,0.11236644
84,679,0.94992846,0.94992846,0.94992846,0.94992846,0.94992846
85,680,0.8453369,0.087234065,0.08876854,0.119936496,0.06194261
86,681,0.14964724,0.07261492,0.06249111,0.08295175,0.06516745
87,682,0.76980895,0.23131174,0.24005067,0.24198666,0.18382701
88,683,0.44447786,0.44447786,0.44447786,0.44447786,0.44447786
89,684,0.072632484,0.08366795,0.064447016,0.08499096,0.067835435
90,685,0.31089434,0.027027702,0.057985242,0.05267584,0.037907008
91,686,0.15001963,0.111408226,0.06872272,0.102624714,0.058576047
92,687,0.09700169,0.06998077,0.048905727,0.08776253,0.040259343
93,688,0.5620228,0.064824246,0.07499117,0.093733735,0.06536412
94,689,0.69542736,0.69542736,0.7279895,0.69749725,0.7093121
95,690,0.10849162,0.07061324,0.059128806,0.07078253,0.058547854
96,691,0.31089434,0.06345342,0.070246726,0.09074151,0.059829965
97,692,0.06660386,0.07424763,0.07185886,0.071951754,0.07620948
98,693,0.11659656,0.15536433,0.18625925,0.19455615,0.16446368
99,694,0.60477585,0.063785374,0.051290493,0.07274749,0.05236216
100,695,0.07246215,0.02886493,0.035176594,0.026047887,0.044649918
101,696,0.08334002,0.08334002,0.08334002,0.08334002,0.08334002
102,697,0.102534644,0.1478864,0.12207144,0.1557178,0.10400123
103,698,0.15776119,0.091008216,0.21674766,0.1857495,0.120102294
104,699,0.24109298,0.09375279,0.051528737,0.09794506,0.037695765
105,700,0.05042718,0.032763984,0.039962396,0.05167781,0.006362894
106,701,0.24339752,0.07043327,0.08214498,0.10561106,0.06878245
107,702,0.083730094,0.029910743,0.023136593,0.035193607,0.023418749
108,703,0.889427,0.104392685,0.0825659,0.089346595,0.08166009
109,704,0.018782223,0.05826733,0.06907058,0.09180203,0.06245398
110,705,0.7446422,0.12160334,0.104787156,0.12245136,0.099219516
111,706,0.34680524,0.1804703,0.18812041,0.25064495,0.15619922
112,707,0.084598616,0.084598616,0.084598616,0.084598616,0.084598616
113,708,0.3464276,0.2560201,0.27408957,0.31089434,0.27060273
114,709,0.1316007,0.07511526,0.081222184,0.09343734,0.077097386
115,710,0.09148925,0.084263265,0.039908484,0.082495995,0.04944563
116,711,0.6217597,0.62877023,0.64149296,0.62028575,0.6364068
117,712,0.44635752,0.430999,0.46297032,0.45513988,0.45536092
118,713,0.6331589,0.031291183,0.04733905,0.03909121,0.025375001
119,714,0.11897811,0.08546233,0.09627179,0.09225255,0.0880106
120,715,0.26131114,0.0064085913,0.008785054,0.0080183195,0.005587673
121,716,0.07014333,0.07014333,0.07014333,0.07014333,0.07014333
122,717,0.17049707,0.17049707,0.17049707,0.17049707,0.17049707
123,718,0.0912961,0.0886118,0.07578071,0.104676545,0.07517675
124,719,0.17363651,0.17363651,0.17363651,0.17363651,0.17363651
125,720,0.43679267,0.43679267,0.43679267,0.43679267,0.43679267
126,721,0.18059285,0.18335292,0.11226402,0.21513169,0.10250328
127,722,0.8451503,0.8451503,0.8451503,0.8451503,0.8451503
128,723,0.19674245,0.19674245,0.19674245,0.19674245,0.19674245
129,724,0.103741035,0.10461568,0.10409431,0.14858495,0.118446596
130,725,0.047716394,0.062380515,0.061387762,0.062286723,0.06250695
131,726,0.605119,0.605119,0.605119,0.605119,0.605119
132,727,0.056837868,0.024212906,0.04403067,0.04943233,0.036006387
133,728,0.04264116,0.04264116,0.04264116,0.04264116,0.04264116
134,729,0.9017844,0.06396361,0.06591828,0.08171796,0.06409973
135,730,0.94925326,0.94925326,0.94925326,0.94925326,0.94925326
136,731,0.095505424,0.0015529316,0.0022586752,0.0025331199,0.00199031
137,732,0.15506274,0.2636909,0.31736952,0.29850775,0.23966639
138,733,0.08712444,0.08712444,0.08712444,0.08712444,0.08712444
139,734,0.32552055,0.20207934,0.25363594,0.24323326,0.24037887
140,735,0.15156922,0.026934981,0.07274915,0.07946642,0.052552998
141,736,0.6387391,0.5371726,0.6585559,0.6331181,0.63415635
142,737,0.08635034,0.15769394,0.17943121,0.18318725,0.17955343
143,738,0.70219433,0.052203387,0.05464471,0.071205996,0.04471298
144,739,0.9151657,0.8892731,0.9156528,0.9054645,0.8606264
145,740,0.49058506,0.49058506,0.49058506,0.49058506,0.49058506
146,741,0.09442045,0.08334029,0.08214809,0.11113816,0.07878858
147,742,0.085200466,0.08623471,0.09785925,0.13239726,0.07661489
148,743,0.28490448,0.07155291,0.07594796,0.073100306,0.0665558
149,744,0.73307186,0.73307186,0.73307186,0.73307186,0.73307186
150,745,0.09788762,0.14823696,0.23994268,0.23594464,0.24090646
151,746,0.061943546,0.061943546,0.061943546,0.061943546,0.061943546
152,747,0.48867613,0.44240564,0.48481956,0.4707386,0.45088378
153,748,0.15425621,0.09992092,0.099074505,0.13416427,0.088525936
154,749,0.054638293,0.04811732,0.057379015,0.06360656,0.053145386
155,750,0.509777,0.12278337,0.15619755,0.1589342,0.14904523
156,751,0.08762797,0.090672985,0.10614682,0.11590721,0.11064162
157,752,0.6621841,0.6621841,0.6621841,0.6621841,0.6621841
158,753,0.5266601,0.5266601,0.5266601,0.5266601,0.5266601
159,754,0.070576794,0.062022205,0.07323917,0.077399194,0.06821265
160,755,0.063886955,0.063886955,0.063886955,0.063886955,0.063886955
161,756,0.058834326,0.058834326,0.058834326,0.058834326,0.058834326
162,757,0.28782555,0.086536445,0.09428186,0.12041007,0.0728313
163,758,0.74481755,0.69542736,0.73804116,0.71724725,0.69542736
164,759,0.0660914,0.07359421,0.08364104,0.093010396,0.07581535
165,760,0.38445932,0.11484705,0.11083715,0.15617123,0.07298963
166,761,0.106477596,0.106477596,0.106477596,0.106477596,0.106477596
167,762,0.13003945,0.08874443,0.0949732,0.11284848,0.070431635
168,763,0.115528196,0.15099461,0.09386612,0.2303611,0.14403075
169,764,0.19587061,0.19433439,0.23923825,0.19071239,0.19784468
170,765,0.73109436,0.15125124,0.18635692,0.20015816,0.16610818
171,766,0.4476393,0.4476393,0.4476393,0.4476393,0.4476393
172,767,0.04669413,0.04669413,0.04669413,0.04669413,0.04669413
173,768,0.124378525,0.10681986,0.11355243,0.11266974,0.10759852
174,769,0.1503339,0.07847572,0.086780466,0.07898413,0.07360124
175,770,0.10628574,0.10628574,0.10628574,0.10628574,0.10628574
176,771,0.059164133,0.08424236,0.07745335,0.09339117,0.069489
177,772,0.5876557,0.5876557,0.5876557,0.5876557,0.5876557
178,773,0.40325078,0.40325078,0.40325078,0.40325078,0.40325078
179,774,0.078328334,0.06264318,0.060593456,0.07482671,0.054187324
180,775,0.05822701,0.05822701,0.05822701,0.05822701,0.05822701
181,776,0.52394515,0.52394515,0.52394515,0.52394515,0.52394515
182,777,0.08801701,0.07141912,0.0647181,0.102914356,0.085147254
183,778,0.24332808,0.24332808,0.24332808,0.24332808,0.24332808
184,779,0.6344763,0.118256204,0.08631695,0.15035246,0.08107357
185,780,0.36857098,0.15176271,0.27457955,0.24048348,0.19853868
186,781,0.09477628,0.09477628,0.09477628,0.09477628,0.09477628
187,782,0.8596623,0.8596623,0.8596623,0.8596623,0.8596623
188,783,0.44682965,0.08915723,0.33114827,0.36596724,0.08553762
189,784,0.083809994,0.06722531,0.06972325,0.09153844,0.0704825
190,785,0.073977396,0.08202179,0.041027103,0.086297184,0.06068451
191,786,0.794439,0.794439,0.794439,0.794439,0.794439
192,787,0.5876557,0.26827532,0.26143852,0.2894442,0.24809672
193,788,0.31752098,0.066950835,0.04255843,0.067664124,0.05258807
194,789,0.0749746,0.0749746,0.0749746,0.0749746,0.0749746
195,790,0.55800104,0.55800104,0.55800104,0.55800104,0.55800104
196,791,0.10521079,0.072732605,0.092513405,0.10713055,0.08151532
197,792,0.061692204,0.061692204,0.061692204,0.061692204,0.061692204
198,793,0.0518387,0.04880727,0.039967827,0.059137177,0.04070979
199,794,0.5154597,0.1625003,0.17204125,0.24851948,0.17035198
200,795,0.09527758,0.03757099,0.041017808,0.039887972,0.033218347
201,796,0.07186275,0.105915464,0.122659,0.103951514,0.093591556
202,797,0.27725896,0.27725896,0.27725896,0.27725896,0.27725896
203,798,0.093230695,0.093230695,0.093230695,0.093230695,0.093230695
204,799,0.0720642,0.0720642,0.0720642,0.0720642,0.0720642
205,800,0.07091553,0.09375279,0.051528737,0.09794506,0.037695765
206,801,0.036041535,0.07098703,0.0729497,0.10568462,0.056990504
207,802,0.9633071,0.9633071,0.9633071,0.9633071,0.9633071
208,803,0.105567686,0.105567686,0.105567686,0.105567686,0.105567686
209,804,0.8355208,0.8355208,0.8355208,0.8355208,0.8355208
210,805,0.948144,0.948144,0.948144,0.948144,0.948144
211,806,0.28386453,0.058360223,0.05382537,0.08102308,0.042878635
212,807,0.883713,0.883713,0.883713,0.883713,0.883713
213,808,0.09013064,0.09348242,0.105930984,0.12770145,0.09286586
214,809,0.8308161,0.24251232,0.2795003,0.3007093,0.31089434
215,810,0.07698007,0.0660804,0.054562468,0.06864525,0.060394965
216,811,0.07719011,0.07719011,0.07719011,0.07719011,0.07719011
217,812,0.112708926,0.00012832612,0.0008715208,0.00081794965,0.00042745963
218,813,0.07378905,0.07378905,0.07378905,0.07378905,0.07378905
219,814,0.09367678,0.09367678,0.09367678,0.09367678,0.09367678
220,815,0.7780145,0.7780145,0.7780145,0.7780145,0.7780145
221,816,0.11151207,0.08374572,0.06962284,0.11113758,0.052260574
222,817,0.24260636,0.14203948,0.15011415,0.14884655,0.13383916
223,818,0.14967194,0.13411368,0.15106438,0.1519784,0.1336289
224,819,0.7452182,0.14864534,0.19198094,0.23428959,0.17756833
225,820,0.10434445,0.10434445,0.10434445,0.10434445,0.10434445
226,821,0.07656539,0.07656539,0.07656539,0.07656539,0.07656539
227,822,0.04272755,0.052436393,0.056747746,0.06499652,0.050874744
228,823,0.11149733,0.11149733,0.11149733,0.11149733,0.11149733
229,824,0.06265625,0.06265625,0.06265625,0.06265625,0.06265625
230,825,0.059696224,0.063713364,0.058231883,0.08000596,0.037351552
231,826,0.82252,0.82252,0.82252,0.82252,0.82252
232,827,0.14380492,0.0018100706,0.002654894,0.0026722937,0.0018333286
233,828,0.056874886,0.08605898,0.07389886,0.12040168,0.0599343
234,829,0.08137343,0.10638743,0.122740544,0.119664796,0.10936467
235,830,0.23830332,0.23830332,0.23830332,0.23830332,0.23830332
236,831,0.31089434,0.0720868,0.069356896,0.08697379,0.056199405
237,832,0.35897574,0.35897574,0.35897574,0.35897574,0.35897574
238,833,0.11932728,0.08983062,0.05597361,0.09578624,0.05866015
239,834,0.37464836,0.37464836,0.37464836,0.37464836,0.37464836
240,835,0.15942036,0.15298374,0.18509042,0.23979995,0.16410257
241,836,0.18380319,0.18380319,0.18380319,0.18380319,0.18380319
242,837,0.13046643,0.13046643,0.13046643,0.13046643,0.13046643
243,838,0.24127543,0.24127543,0.24127543,0.24127543,0.24127543
244,839,0.18043879,0.09898532,0.12376946,0.1554334,0.10814111
245,840,0.31089434,0.31089434,0.31089434,0.31089434,0.31089434
246,841,0.092505194,0.092505194,0.092505194,0.092505194,0.092505194
247,842,0.08074301,0.08074301,0.08074301,0.08074301,0.08074301
248,843,0.16601789,0.17289135,0.24138264,0.2562759,0.15528722
249,844,0.10619376,0.10560009,0.09485842,0.132244,0.09546864
250,845,0.07803631,0.081010774,0.08917,0.10376885,0.07659747
251,846,0.77033275,0.77033275,0.77033275,0.77033275,0.77033275
252,847,0.047146015,0.062123798,0.037597265,0.061163433,0.05152342
253,848,0.041057013,0.071083106,0.07184555,0.08277032,0.07395885
254,849,0.7771059,0.09292585,0.08699004,0.12805335,0.08944238
255,850,0.103313394,0.15017392,0.15837237,0.18237615,0.14910993
256,851,0.16991489,0.16991489,0.16991489,0.16991489,0.16991489
257,852,0.107987106,0.107987106,0.107987106,0.107987106,0.107987106
258,853,0.10753387,0.10753387,0.10753387,0.10753387,0.10753387
259,854,0.050606377,0.09219022,0.05533082,0.087848514,0.04977042
260,855,0.2797161,0.1077403,0.09527281,0.15065323,0.0831938
261,856,0.051575836,0.05933598,0.06306955,0.0718478,0.054346457
262,857,0.3479814,0.07745705,0.08800857,0.07993354,0.09972266
263,858,0.5292246,0.09321987,0.08323291,0.1296721,0.07072171
264,859,0.964788,0.93277377,0.94874585,0.9480856,0.9480856
265,860,0.14869,0.24428816,0.24243483,0.21937868,0.21995366
266,861,0.076378345,0.10946442,0.090711914,0.1217882,0.08868475
267,862,0.15480924,0.1475852,0.15254307,0.19274126,0.1374732
268,863,0.09360315,0.07800075,0.09267938,0.10302742,0.08094448
269,864,0.15018755,0.16491476,0.1654975,0.24250335,0.15340601
270,865,0.08760438,0.06975274,0.065284275,0.10130146,0.058424246
271,866,0.49104327,0.04303968,0.04502457,0.06254004,0.0385148
272,867,0.048038855,0.055748727,0.04402788,0.07265857,0.04916103
273,868,0.09400258,0.09400258,0.09400258,0.09400258,0.09400258
274,869,0.0649486,0.060171492,0.06574882,0.09448352,0.081039496
275,870,0.48354438,0.0794927,0.07426324,0.10649947,0.0693777
276,871,0.932577,0.932577,0.932577,0.932577,0.932577
277,872,0.053617712,0.053617712,0.053617712,0.053617712,0.053617712
278,873,0.43426883,0.4852778,0.46823722,0.44490084,0.40323055
279,874,0.09830016,0.0665202,0.07998872,0.10154424,0.0714379
280,875,0.44653964,0.053087875,0.055702098,0.056215573,0.04692472
281,876,0.04006737,0.050834518,0.046141945,0.06938536,0.033290662
282,877,0.881104,0.073360585,0.07387917,0.082044855,0.07493196
283,878,0.60087645,0.15501834,0.21255967,0.25201496,0.17927803
284,879,0.4417894,0.4417894,0.4417894,0.4417894,0.4417894
285,880,0.048860446,0.09375279,0.051528737,0.09794506,0.037695765
286,881,0.12693113,0.11683527,0.12805922,0.14772637,0.10958166
287,882,0.46620542,0.5228743,0.5154597,0.53490317,0.48622218
288,883,0.10282373,0.10282373,0.10282373,0.10282373,0.10282373
289,884,0.13249218,0.06571158,0.089262426,0.096137464,0.06774137
290,885,0.15827733,0.15827733,0.15827733,0.15827733,0.15827733
291,886,0.17613606,0.050851032,0.071560524,0.06160383,0.07121647
292,887,0.9293707,0.09599934,0.08992802,0.11164893,0.08559298
293,888,0.110914126,0.08180221,0.07585748,0.092120744,0.07545169
294,889,0.22135535,0.22135535,0.22135535,0.22135535,0.22135535
295,890,0.09894702,0.10806505,0.10082919,0.13652478,0.07788552
296,891,0.39702287,0.10169031,0.09674487,0.14309597,0.07878041
297,892,0.83698547,0.83698547,0.83698547,0.83698547,0.83698547
298,893,0.5154597,0.5876557,0.60498405,0.5876557,0.6091226
299,894,0.15254715,0.09375279,0.051528726,0.09794509,0.037695747
300,895,0.089530826,0.08931704,0.08254727,0.110336415,0.07396429
301,896,0.0846284,0.08779379,0.097772546,0.12784006,0.066898964
302,897,0.23975444,0.05980728,0.056347422,0.08073157,0.05367669
303,898,0.8056901,0.08726651,0.09028216,0.10600096,0.08610871
304,899,0.8060606,0.035253726,0.055917434,0.06868261,0.03652284
305,900,0.84382105,0.10571605,0.14248729,0.13682543,0.1551728
306,901,0.91974026,0.15012808,0.10279713,0.14920783,0.09663242
307,902,0.15207578,0.08674375,0.075632654,0.07787446,0.0740099
308,903,0.7369059,0.2805032,0.26262712,0.3112452,0.24041954
309,904,0.16436674,0.067127116,0.07879053,0.10327717,0.059985667
310,905,0.117113255,0.117113255,0.117113255,0.117113255,0.117113255
311,906,0.27392733,0.27392733,0.27392733,0.27392733,0.27392733
312,907,0.10931564,0.068256386,0.08455007,0.09428254,0.07489018
313,908,0.54899377,0.3379794,0.35342342,0.31089434,0.2873961
314,909,0.07182105,0.026396412,0.01962489,0.026978143,0.023559956
315,910,0.7048552,0.089185715,0.10373716,0.10907569,0.09253399
316,911,0.21296571,0.21416017,0.24125203,0.24160944,0.19809504
317,912,0.065203145,0.106573455,0.0448762,0.086767614,0.039197735
318,913,0.7686145,0.7686145,0.7686145,0.7686145,0.7686145
319,914,0.05684675,0.08851754,0.09216679,0.11977225,0.098903984
320,915,0.08379289,0.08379289,0.08379289,0.08379289,0.08379289
321,916,0.0866906,0.086181894,0.09490874,0.09277351,0.08988329
322,917,0.6046336,0.051551335,0.05510121,0.060808256,0.053159878
323,918,0.04781036,0.04781036,0.04781036,0.04781036,0.04781036
324,919,0.13498579,0.09772629,0.0878224,0.13699587,0.082546026
325,920,0.40227798,0.050750207,0.06387232,0.06099197,0.052866694
326,921,0.8785311,0.8785311,0.8888376,0.8849529,0.88824683
327,922,0.07270262,0.07270262,0.07270262,0.07270262,0.07270262
328,923,0.45041576,0.10637161,0.16119295,0.11084977,0.13218942
329,924,0.9156528,0.9156528,0.9156528,0.9156528,0.9156528
330,925,0.07214357,0.07214357,0.07214357,0.07214357,0.07214357
331,926,0.054922428,0.09721049,0.09622144,0.104597,0.087300874
332,927,0.858482,0.858482,0.858482,0.858482,0.858482
333,928,0.8594089,0.8594089,0.8594089,0.8594089,0.8594089
334,929,0.24956702,0.24956702,0.24956702,0.24956702,0.24956702
335,930,0.853727,0.88517463,0.90028304,0.89083934,0.8990782
336,931,0.2688156,0.11006564,0.0792928,0.10071702,0.091289796
337,932,0.24128695,0.24128695,0.24128695,0.24128695,0.24128695
338,933,0.8378499,0.8378499,0.8378499,0.8378499,0.8378499
339,934,0.3898125,0.58871067,0.63225085,0.6248026,0.5981032
340,935,0.050232083,0.07029961,0.04750761,0.0557776,0.051622633
341,936,0.054054406,0.029927252,0.035751116,0.05350074,0.037623324
342,937,0.0780831,0.0780831,0.0780831,0.0780831,0.0780831
343,938,0.14621189,0.07606606,0.073664404,0.07573184,0.056778464
344,939,0.55622965,0.13581328,0.18372974,0.19221182,0.15137164
345,940,0.019533163,0.041049406,0.024296463,0.053337265,0.02396229
346,941,0.7040992,0.7040992,0.7040992,0.7040992,0.7040992
347,942,0.794439,0.19832572,0.19979765,0.20016691,0.19304967
348,943,0.053654436,0.053654436,0.053654436,0.053654436,0.053654436
349,944,0.14947495,0.14947495,0.14947495,0.14947495,0.14947495
350,945,0.15120801,0.13584787,0.13279743,0.15307373,0.10810636
351,946,0.20919403,0.20919403,0.20919403,0.20919403,0.20919403
352,947,0.09870906,0.09870906,0.09870906,0.09870906,0.09870906
353,948,0.21248676,0.24013355,0.2491401,0.24707298,0.2461451
354,949,0.15424216,0.10176256,0.07973345,0.113365196,0.07993005
355,950,0.16788019,0.08628831,0.065441,0.14371525,0.06280086
356,951,0.31089434,0.11722703,0.15047497,0.1525869,0.11538493
357,952,0.7944757,0.6364068,0.67050636,0.6598449,0.6364068
358,953,0.91732967,0.1090347,0.09966072,0.10824838,0.10193862
359,954,0.12166038,0.0010537899,0.0022415267,0.0020694984,0.001670321
360,955,0.07201467,0.091480434,0.053443685,0.10538489,0.056492936
361,956,0.060044248,0.08683103,0.04707143,0.086767614,0.052882586
362,957,0.076041274,0.06252311,0.074380346,0.07434526,0.06727616
363,958,0.49453858,0.40001696,0.44620052,0.44338337,0.40331122
364,959,0.13803099,0.16579829,0.2133314,0.18491809,0.21019621
365,960,0.15101999,0.09035746,0.10991383,0.1300876,0.09469847
366,961,0.10200824,0.10200824,0.10200824,0.10200824,0.10200824
367,962,0.4958173,0.062381495,0.0805059,0.094017,0.072654195
368,963,0.106148496,0.08273364,0.08997242,0.088400275,0.088281125
369,964,0.89259243,0.87878084,0.8986398,0.8894605,0.88824683
370,965,0.12979758,0.16783294,0.18656786,0.2244269,0.15546472
371,966,0.8606264,0.8367601,0.8785311,0.8606264,0.85719967
372,967,0.076815985,0.07862389,0.06857684,0.09852596,0.06760481
373,968,0.24250731,0.26367724,0.3069225,0.2854218,0.24027134
374,969,0.27557683,0.33194792,0.35823837,0.3476767,0.1761753
375,970,0.05712471,0.052692562,0.052957676,0.06701927,0.04676569
376,971,0.33916053,0.07984529,0.07887522,0.09225893,0.06898081
377,972,0.105896264,0.105896264,0.105896264,0.105896264,0.105896264
378,973,0.46320713,0.005935624,0.029131131,0.016081583,0.009423534
379,974,0.09205444,0.06969011,0.08475933,0.091977164,0.07941932
380,975,0.048874218,0.0050513893,0.024229847,0.024020007,0.008865069
381,976,0.07745045,0.072819345,0.07662076,0.08850043,0.07876302
382,977,0.9480856,0.93266314,0.9480856,0.9480856,0.92194724
383,978,0.20186067,0.052081577,0.070395716,0.06466586,0.07980469
384,979,0.9283588,0.9464215,0.94992846,0.94812644,0.93782765
385,980,0.98357993,0.4803672,0.5018954,0.5403571,0.4454006
386,981,0.06252126,0.06252126,0.06252126,0.06252126,0.06252126
387,982,0.5525989,0.19454661,0.15109885,0.18641898,0.16004342
388,983,0.1825732,0.23873484,0.1974212,0.24787675,0.1616534
389,984,0.5736926,0.72158265,0.757964,0.74490386,0.7270286
390,985,0.5876557,0.5876557,0.5876557,0.5876557,0.5876557
391,986,0.8267963,0.8267963,0.8267963,0.8267963,0.8267963
392,987,0.057168107,0.057168107,0.057168107,0.057168107,0.057168107
393,988,0.13773724,0.13773724,0.13773724,0.13773724,0.13773724
394,989,0.5154597,0.51678103,0.53490317,0.53490317,0.5154597
395,990,0.15533727,0.15105613,0.153127,0.154028,0.14942084
396,991,0.13935736,0.083109625,0.059949875,0.09914497,0.05818533
397,992,0.075326234,0.08478528,0.060473695,0.104681864,0.053014416
398,993,0.3335244,0.4820958,0.52033955,0.53490317,0.4671651
399,994,0.18416387,0.13996223,0.14233227,0.16102962,0.08027933
400,995,0.6670027,0.33661196,0.3799499,0.39024872,0.31662
401,996,0.15050192,0.15050192,0.15050192,0.15050192,0.15050192
402,997,0.10815213,0.10815213,0.10815213,0.10815213,0.10815213
403,998,0.40534893,0.13467544,0.150758,0.15029642,0.14394923
404,999,0.51918143,0.3506563,0.35974276,0.36441374,0.33001274
405,1000,0.12330778,0.12330778,0.12330778,0.12330778,0.12330778
406,1001,0.10951683,0.08733572,0.08857882,0.09905827,0.086525425
407,1002,0.19030765,0.19269468,0.18358667,0.22701094,0.17646824
408,1003,0.15044546,0.10107133,0.066644855,0.114801735,0.061092824
409,1004,0.10010427,0.0705031,0.073018044,0.081731796,0.061266247
410,1005,0.041772902,0.041772902,0.041772902,0.041772902,0.041772902
411,1006,0.057977635,0.057977635,0.057977635,0.057977635,0.057977635
412,1007,0.1432881,0.04580408,0.052332643,0.059439883,0.041603398
413,1008,0.16024828,0.1104848,0.15079975,0.15183859,0.14083838
414,1009,0.242654,0.242654,0.242654,0.242654,0.242654
415,1010,0.321342,0.04158961,0.041184634,0.056938685,0.04672533
416,1011,0.13827932,0.13827932,0.13827932,0.13827932,0.13827932
417,1012,0.14942493,0.14942493,0.14942493,0.14942493,0.14942493
418,1013,0.9267449,0.901799,0.9279255,0.9156528,0.88824683
419,1014,0.15229112,0.15229112,0.15229112,0.15229112,0.15229112
420,1015,0.4376201,0.4376201,0.4376201,0.4376201,0.4376201
421,1016,0.063784435,0.063784435,0.063784435,0.063784435,0.063784435
422,1017,0.855524,0.22533073,0.26710168,0.30505306,0.23190846
423,1018,0.07083366,0.07180529,0.060945258,0.09426507,0.05095853
424,1019,0.1805101,0.034591857,0.062241483,0.06558872,0.03235496
425,1020,0.066441305,0.066441305,0.066441305,0.066441305,0.066441305
426,1021,0.10801713,0.10801713,0.10801713,0.10801713,0.10801713
427,1022,0.60508054,0.60508054,0.60508054,0.60508054,0.60508054
428,1023,0.096745685,0.06736455,0.06897803,0.06543086,0.06621665
429,1024,0.53439075,0.06998838,0.06791515,0.08632969,0.07225243
430,1025,0.1725067,0.28634933,0.34041426,0.33272764,0.3158956
431,1026,0.24813654,0.24813654,0.24813654,0.24813654,0.24813654
432,1027,0.104785986,0.052360654,0.060852524,0.07293976,0.0509301
433,1028,0.72718877,0.08292481,0.06846565,0.09523104,0.06119604
434,1029,0.14004971,0.16370773,0.18587147,0.19575779,0.18616328
435,1030,0.7093121,0.794439,0.794439,0.794439,0.7683926
436,1031,0.10462493,0.10462493,0.10462493,0.10462493,0.10462493
437,1032,0.05891727,0.06729027,0.07687429,0.09102387,0.056355584
438,1033,0.3570805,0.35210118,0.38955805,0.37714818,0.36793804
439,1034,0.13611872,0.12351022,0.11750022,0.15365566,0.10685788
440,1035,0.4794467,0.072902344,0.086836986,0.10625243,0.06761807
441,1036,0.0050319703,0.0050319703,0.0050319703,0.0050319703,0.0050319703
442,1037,0.45315176,0.09734545,0.10165516,0.14088385,0.096538305
443,1038,0.4221722,0.09357602,0.07132442,0.10744349,0.050746813
444,1039,0.1296112,0.15042895,0.19483295,0.25854525,0.15132804
445,1040,0.13994262,0.15640965,0.1515566,0.15422498,0.15235776
446,1041,0.09122222,0.103801765,0.10038515,0.14476368,0.076521456
447,1042,0.1272762,0.1272762,0.1272762,0.1272762,0.1272762
448,1043,0.8441081,0.96205837,0.96983665,0.96214736,0.96218014
449,1044,0.7443473,0.16593,0.1383201,0.15029235,0.13006365
450,1045,0.8060606,0.67132926,0.7093121,0.69542736,0.69542736
451,1046,0.8355208,0.203445,0.24200967,0.25785276,0.2335991
452,1047,0.24036568,0.114561476,0.11588741,0.14406411,0.113072485
453,1048,0.07876182,0.07876182,0.07876182,0.07876182,0.07876182
454,1049,0.18862313,0.18862313,0.18862313,0.18862313,0.18862313
455,1050,0.35432264,0.11442918,0.14239794,0.15085337,0.12681957
456,1051,0.07377973,0.06126716,0.06414487,0.069176465,0.064910986
457,1052,0.07609025,0.08910067,0.11133001,0.13198504,0.11247161
458,1053,0.07066015,0.052149814,0.060215577,0.070177786,0.046402853
459,1054,0.08563499,0.07233045,0.0760452,0.10047541,0.07089347
460,1055,0.53490317,0.4099988,0.42135763,0.41829103,0.41842228
461,1056,0.62714595,0.6701036,0.69542736,0.680331,0.6859781
462,1057,0.24207455,0.15002072,0.15187556,0.17352547,0.14495037
463,1058,0.050168496,0.050168496,0.050168496,0.050168496,0.050168496
464,1059,0.12565747,0.08128911,0.0786816,0.08287178,0.0791399
465,1060,0.85375637,0.8407895,0.8606264,0.8578874,0.853862
466,1061,0.018101934,0.04146551,0.028070595,0.038937278,0.035327323
467,1062,0.62474304,0.62474304,0.62474304,0.62474304,0.62474304
468,1063,0.19343351,0.20060025,0.24217236,0.23309298,0.23975077
469,1064,0.08549604,0.10573544,0.10188449,0.09002083,0.07813375
470,1065,0.07658565,0.09108758,0.06446666,0.087877095,0.07033617
471,1066,0.5010604,0.0653916,0.06762732,0.06585561,0.0665164
472,1067,0.5582813,0.8060606,0.82888573,0.81888723,0.813967
473,1068,0.769276,0.91735154,0.93232936,0.92577285,0.9309346
474,1069,0.27923623,0.15123145,0.19521718,0.17443661,0.15391672
475,1070,0.6048551,0.6048551,0.6048551,0.6048551,0.6048551
476,1071,0.60479534,0.60479534,0.60479534,0.60479534,0.60479534
477,1072,0.40323493,0.10751529,0.1495341,0.15239127,0.13983907
478,1073,0.31089434,0.006839656,0.023100581,0.020312808,0.009096303
479,1074,0.11514677,0.11514677,0.11514677,0.11514677,0.11514677
480,1075,0.044890013,0.044013377,0.050703548,0.064011164,0.04655356
481,1076,0.2400417,0.33221668,0.37439126,0.39468098,0.35017228
482,1077,0.06556988,0.06111904,0.06325073,0.07659051,0.053566907
483,1078,0.76605284,0.10657344,0.0448762,0.08676763,0.039197754
484,1079,0.15311411,0.15311411,0.15311411,0.15311411,0.15311411
485,1080,0.19541307,0.06896072,0.079227,0.08500175,0.06515112
486,1081,0.10257105,0.0644201,0.056766294,0.06562401,0.04576231
487,1082,0.07473236,0.07473236,0.07473236,0.07473236,0.07473236
488,1083,0.06929192,0.06929192,0.06929192,0.06929192,0.06929192
489,1084,0.058449525,0.058449525,0.058449525,0.058449525,0.058449525
490,1085,0.08039692,0.08094848,0.0812445,0.09909845,0.07302637
491,1086,0.38726193,0.38726193,0.38726193,0.38726193,0.38726193
492,1087,0.16527821,0.16527821,0.16527821,0.16527821,0.16527821
493,1088,0.06562197,0.0720029,0.083038025,0.098473474,0.070345685
494,1089,0.088935025,0.088935025,0.088935025,0.088935025,0.088935025
495,1090,0.7093121,0.06955393,0.073684245,0.10094815,0.06268548
496,1091,0.7761468,0.09375279,0.051528737,0.09794506,0.7309738
497,1092,0.40315157,0.49769196,0.53490317,0.5169952,0.5025172
498,1093,0.7179661,0.17970964,0.329371,0.32761666,0.3224583
499,1094,0.07612603,0.07612603,0.07612603,0.07612603,0.07612603
500,1095,0.11961069,0.15092075,0.15506113,0.18110779,0.14927103
501,1096,0.13168584,0.13168584,0.13168584,0.13168584,0.13168584
502,1097,0.089582294,0.13834423,0.09902464,0.10833809,0.1005998
503,1098,0.07758515,0.055581566,0.0649341,0.07448474,0.059126947
504,1099,0.5876557,0.5876557,0.5876557,0.5876557,0.5876557
505,1100,0.15468708,0.057451006,0.050050672,0.07623502,0.032789398
506,1101,0.079004705,0.042532,0.038308978,0.050118122,0.049500283
507,1102,0.66900086,0.53490317,0.53490317,0.526905,0.55288446
508,1103,0.057130188,0.055111233,0.057406567,0.072170995,0.054491498
509,1104,0.04047153,0.05978586,0.041516617,0.054878313,0.016576
510,1105,0.4920351,0.068573594,0.03438408,0.065683074,0.04073646
511,1106,0.116262205,0.10842717,0.1183073,0.11912142,0.114175014
512,1107,0.804555,0.05512742,0.059269264,0.0724956,0.05535465
513,1108,0.5876557,0.6745857,0.72639287,0.70705444,0.7093121
514,1109,0.14319403,0.14319403,0.14319403,0.14319403,0.14319403
515,1110,0.022559103,0.050158795,0.06258921,0.077591434,0.021324757
516,1111,0.03967766,0.040774167,0.043858767,0.054482844,0.038466875
517,1112,0.93232936,0.90932035,0.93268454,0.9308615,0.92327476
518,1113,0.680409,0.680409,0.680409,0.680409,0.680409
519,1114,0.24029015,0.094204076,0.118194625,0.10639802,0.11651532
520,1115,0.80917263,0.8606264,0.88824683,0.882855,0.7985223
521,1116,0.7093121,0.7093121,0.70247996,0.69542736,0.69989383
522,1117,0.5601276,0.76831406,0.79930586,0.794439,0.794439
523,1118,0.07240498,0.080084965,0.07668535,0.087111294,0.08217927
524,1119,0.25688878,0.25688878,0.25688878,0.25688878,0.25688878
525,1120,0.8355208,0.10474063,0.11843457,0.15481032,0.103383325
526,1121,0.09299514,0.09299514,0.09299514,0.09299514,0.09299514
527,1122,0.15272407,0.09417617,0.11375869,0.11074785,0.07658186
528,1123,0.60678184,0.43641767,0.4928755,0.48189026,0.31628734
529,1124,0.10089538,0.07593997,0.08488551,0.08346356,0.07394177
530,1125,0.6364068,0.07664218,0.08627511,0.099537425,0.085097894
531,1126,0.045834646,0.045834646,0.045834646,0.045834646,0.045834646
532,1127,0.17470956,0.086561345,0.07987311,0.10716963,0.082245156
533,1128,0.2620613,0.06413399,0.074384816,0.073851734,0.07435349
534,1129,0.28811672,0.110958755,0.10358168,0.116241485,0.10325968
535,1130,0.06044762,0.05847043,0.07006202,0.09257581,0.05983811
536,1131,0.087778166,0.1575497,0.1925853,0.160835,0.19537221
537,1132,0.06865558,0.06865558,0.06865558,0.06865558,0.06865558
538,1133,0.26229987,0.26229987,0.26229987,0.26229987,0.26229987
539,1134,0.65498877,0.794439,0.8274893,0.8060606,0.8120705
540,1135,0.09704368,0.09810669,0.08150664,0.10331652,0.07269785
541,1136,0.10833179,0.1310553,0.15253842,0.17323522,0.15011126
542,1137,0.5467505,0.15032795,0.1520303,0.15159999,0.14984363
543,1138,0.8606264,0.07987391,0.059353027,0.11033195,0.064999476
544,1139,0.7687475,0.06150276,0.058735754,0.076775625,0.0536884
545,1140,0.584254,0.5531827,0.60504955,0.5876557,0.46001112
546,1141,0.24826065,0.1273123,0.1535691,0.15507689,0.15494473
547,1142,0.24084942,0.18125717,0.2420076,0.24170181,0.18019366
548,1143,0.9156528,0.9156528,0.9156528,0.9156528,0.9156528
549,1144,0.16525681,0.13798863,0.09930657,0.12643433,0.09018206
550,1145,0.6781044,0.6781044,0.6781044,0.6781044,0.6781044
551,1146,0.18409869,0.07818521,0.070038974,0.07804198,0.06447496
552,1147,0.09535217,0.09535217,0.09535217,0.09535217,0.09535217
553,1148,0.29905656,0.31089434,0.35619777,0.30532813,0.18116277
554,1149,0.88824683,0.8606264,0.90038085,0.88824683,0.8785311
555,1150,0.5543851,0.5543851,0.5543851,0.5543851,0.5543851
556,1151,0.8060606,0.58764803,0.6305286,0.6051531,0.5876557
557,1152,0.2687051,0.39929298,0.44646502,0.42660517,0.40839896
558,1153,0.33622232,0.33622232,0.33622232,0.33622232,0.33622232
559,1154,0.8386109,0.059486665,0.06825947,0.07844398,0.067225516
560,1155,0.5014453,0.49033076,0.5294348,0.52142346,0.45813283
561,1156,0.08702501,0.08702501,0.08702501,0.08702501,0.08702501
562,1157,0.18816455,0.11154528,0.112428404,0.15989019,0.12243724
563,1158,0.14946732,0.07323087,0.05026752,0.08388951,0.054213367
564,1159,0.2166538,0.2166538,0.2166538,0.2166538,0.2166538
565,1160,0.04347549,0.046451252,0.057674002,0.06403569,0.05780419
566,1161,0.19406827,0.19406827,0.19406827,0.19406827,0.19406827
567,1162,0.11203438,0.081343554,0.08969135,0.10149847,0.07484052
568,1163,0.2897549,0.3259978,0.37358648,0.40336493,0.33046946
569,1164,0.10506438,0.10506438,0.10506438,0.10506438,0.10506438
570,1165,0.54968685,0.54968685,0.54968685,0.54968685,0.54968685
571,1166,0.038896844,0.038896844,0.038896844,0.038896844,0.038896844
572,1167,0.1535471,0.08567233,0.14818577,0.1443425,0.12034334
573,1168,0.7093121,0.7093121,0.7093121,0.7093121,0.7093121
574,1169,0.19584368,0.10055146,0.10912938,0.10373649,0.09188349
575,1170,0.2900526,0.15538275,0.18293543,0.19200814,0.15366931
576,1171,0.53490317,0.6947137,0.69542736,0.69542736,0.6801972
577,1172,0.8060606,0.8060606,0.8060606,0.8060606,0.8060606
578,1173,0.69542736,0.041045383,0.027873246,0.051330037,0.014009728
579,1174,0.17581154,0.13528024,0.15013057,0.14953321,0.15007868
580,1175,0.16151184,0.17191061,0.16669615,0.22348525,0.15714954
581,1176,0.06801893,0.06497251,0.062569775,0.079206415,0.056010894
582,1177,0.052968863,0.061058804,0.058147497,0.08757789,0.041121505
583,1178,0.6391728,0.20138782,0.24053925,0.24007834,0.21702306
584,1179,0.2980668,0.2980668,0.2980668,0.2980668,0.2980668
585,1180,0.18707456,0.06566742,0.06448271,0.1018148,0.09150602
586,1181,0.17908014,0.15267134,0.1517601,0.17584722,0.15123588
587,1182,0.52348477,0.52348477,0.52348477,0.52348477,0.52348477
588,1183,0.45704308,0.8060606,0.82660395,0.82040495,0.82087517
589,1184,0.35175714,0.08606554,0.045784958,0.087957665,0.035912097
590,1185,0.36518824,0.5154597,0.5915568,0.59721905,0.55773526
591,1186,0.11823294,0.11823294,0.11823294,0.11823294,0.11823294
592,1187,0.19055755,0.014359519,0.035708696,0.029751988,0.027662681
593,1188,0.8606264,0.8606264,0.8606264,0.8606264,0.8606264
594,1189,0.07813914,0.07813914,0.07813914,0.07813914,0.07813914
595,1190,0.31089434,0.16887909,0.16256943,0.20180327,0.16532537
596,1191,0.19247417,0.04358124,0.09347414,0.060751148,0.032209963
597,1192,0.5154597,0.10471317,0.10939793,0.10856946,0.100109816
598,1193,0.9480856,0.94242656,0.9412986,0.93874526,0.9477024
599,1194,0.023228133,0.10657344,0.0448762,0.086767614,0.039197735
600,1195,0.15418887,0.15418887,0.15418887,0.15418887,0.15418887
601,1196,0.55865824,0.08805976,0.045799967,0.07213973,0.068187214
602,1197,0.9199876,0.9199876,0.9199876,0.9199876,0.9199876
603,1198,0.5010942,0.47696695,0.5473873,0.5154597,0.48066318
604,1199,0.794439,0.8189509,0.8355208,0.8355208,0.8205275
605,1200,0.22575805,0.078928776,0.12990038,0.114239134,0.10861949
606,1201,0.11011011,0.11011011,0.11011011,0.11011011,0.11011011
607,1202,0.40330562,0.40330562,0.40330562,0.40330562,0.40330562
608,1203,0.06392687,0.08620755,0.09058037,0.10955111,0.07836556
609,1204,0.08065226,0.1515039,0.18331243,0.23989117,0.1580887
610,1205,0.13977234,0.107050754,0.12099531,0.124151155,0.10344611
611,1206,0.19822419,0.19822419,0.19822419,0.19822419,0.19822419
612,1207,0.15145282,0.15041602,0.15831919,0.1836057,0.15302736
613,1208,0.08848508,0.08219766,0.058169793,0.09323998,0.056452736
614,1209,0.5700317,0.07361368,0.085141145,0.0845072,0.08616727
615,1210,0.54283535,0.45461968,0.49005896,0.49894705,0.46418974
616,1211,0.079671256,0.079671256,0.079671256,0.079671256,0.079671256
617,1212,0.3517017,0.24145047,0.31089434,0.28703886,0.20849349
618,1213,0.46232775,0.46232775,0.46232775,0.46232775,0.46232775
619,1214,0.06641459,0.10657344,0.0448762,0.086767636,0.039197754
620,1215,0.076700546,0.043959185,0.051011823,0.06045802,0.038852263
621,1216,0.05941357,0.09375279,0.051528737,0.09794506,0.037695765
622,1217,0.064464815,0.09828948,0.0879812,0.11386455,0.080984354
623,1218,0.107663475,0.107663475,0.107663475,0.107663475,0.107663475
624,1219,0.10462493,0.10462493,0.10462493,0.10462493,0.10462493
625,1220,0.7450265,0.7450265,0.7450265,0.7450265,0.7450265
626,1221,0.8730428,0.9156528,0.92794275,0.92359823,0.9232867
627,1222,0.055006094,0.045304187,0.049266372,0.05729601,0.044129066
628,1223,0.09287016,0.09264416,0.09416362,0.15915056,0.07183144
629,1224,0.10394421,0.061983474,0.08109282,0.10068087,0.063565105
630,1225,0.11522328,0.12057898,0.13491744,0.1790304,0.12011985
631,1226,0.13189074,0.13189074,0.13189074,0.13189074,0.13189074
632,1227,0.11254262,0.11254262,0.11254262,0.11254262,0.11254262
633,1228,0.7686702,0.8072676,0.8089537,0.8084201,0.8355208
634,1229,0.53490317,0.53490317,0.53490317,0.53490317,0.53490317
635,1230,0.07004749,0.07004749,0.07004749,0.07004749,0.07004749
636,1231,0.07069705,0.07069705,0.07069705,0.07069705,0.07069705
637,1232,0.048251364,0.050926585,0.059230257,0.061439224,0.0534031
638,1233,0.24538013,0.28337076,0.17045084,0.31275603,0.16685669
639,1234,0.08331197,0.08639776,0.09175103,0.09443321,0.087201804
640,1235,0.5154597,0.18531226,0.1935064,0.24859843,0.15043299
641,1236,0.16721071,0.07855863,0.082233325,0.100081794,0.08443675
642,1237,0.44346225,0.49266797,0.4832604,0.5371314,0.4242216
643,1238,0.8742115,0.07197824,0.083416246,0.11058482,0.0818277
644,1239,0.69542736,0.69542736,0.69542736,0.69542736,0.69542736
645,1240,0.87853914,0.87853914,0.87853914,0.87853914,0.87853914
646,1241,0.9480856,0.07314571,0.07642382,0.0871172,0.06907707
647,1242,0.5519517,0.101525284,0.084582426,0.1096202,0.084695235
648,1243,0.24247022,0.24247022,0.24247022,0.24247022,0.24247022
649,1244,0.066402465,0.069691524,0.06754743,0.07156987,0.06333236
650,1245,0.077607155,0.077607155,0.077607155,0.077607155,0.077607155
651,1246,0.08519206,0.08519206,0.08519206,0.08519206,0.08519206
652,1247,0.052771594,0.10657344,0.0448762,0.08676763,0.039197754
653,1248,0.10794088,0.09890551,0.061441645,0.07447709,0.068461575
654,1249,0.065203145,0.10657344,0.0448762,0.08676763,0.039197754
655,1250,0.8932317,0.8201164,0.84055275,0.8333992,0.8255823
656,1251,0.38046366,0.102693856,0.11092182,0.17061305,0.09768463
657,1252,0.5378012,0.34743145,0.31089434,0.31089434,0.29986027
658,1253,0.6048455,0.064294815,0.05508229,0.07553988,0.05499656
659,1254,0.24176863,0.24176863,0.24176863,0.24176863,0.24176863
660,1255,0.260189,0.2722569,0.31046996,0.25457773,0.24361104
661,1256,0.07671158,0.10289386,0.06513615,0.09217525,0.06881215
662,1257,0.3493557,0.057062816,0.06558986,0.067914985,0.061438996
663,1258,0.074128345,0.074128345,0.074128345,0.074128345,0.074128345
664,1259,0.8843799,0.8843799,0.8843799,0.8843799,0.8843799
665,1260,0.19451362,0.19219692,0.20590898,0.19411069,0.17766142
666,1261,0.22627288,0.22627288,0.22627288,0.22627288,0.22627288
667,1262,0.9577469,0.14665568,0.13097869,0.17019795,0.12017091
668,1263,0.9327748,0.9327748,0.9327748,0.9327748,0.9327748
669,1264,0.40332088,0.2539626,0.2811181,0.29376185,0.25130093
670,1265,0.10697659,0.10697659,0.10697659,0.10697659,0.10697659
671,1266,0.051591303,0.01932926,0.028563946,0.030387215,0.023632128
672,1267,0.044149384,0.07902772,0.06919422,0.078982696,0.04105657
673,1268,0.14774531,0.15041545,0.12647791,0.15722983,0.110328555
674,1269,0.18747458,0.067176126,0.07470102,0.087955944,0.061153978
675,1270,0.6050937,0.6050937,0.6050937,0.6050937,0.6050937
676,1271,0.68045,0.08347087,0.06674163,0.09921878,0.07037982
677,1272,0.13973795,0.15167327,0.15659402,0.17117892,0.14968905
678,1273,0.8606264,0.88824683,0.901798,0.8982644,0.8913723
679,1274,0.11910948,0.09375279,0.051528737,0.09794506,0.037695765
680,1275,0.7856603,0.094246864,0.11318366,0.13339955,0.11072794
681,1276,0.075045206,0.075045206,0.075045206,0.075045206,0.075045206
682,1277,0.47879028,0.49625555,0.49030706,0.50574183,0.45749542
683,1278,0.070067175,0.06933703,0.06210978,0.09709551,0.0472333
684,1279,0.1498141,0.1498141,0.1498141,0.1498141,0.1498141
685,1280,0.08624134,0.08624134,0.08624134,0.08624134,0.08624134
686,1281,0.097361155,0.1509099,0.11014318,0.12911005,0.103192456
687,1282,0.25992072,0.17777263,0.26816496,0.25490615,0.27496222
688,1283,0.30455795,0.43093246,0.53490317,0.4861933,0.4644746
689,1284,0.07003089,0.06180148,0.06883905,0.088988304,0.05401728
690,1285,0.35015506,0.036786254,0.052963547,0.060744554,0.019452771
691,1286,0.06362318,0.042983804,0.107808195,0.09109693,0.079797976
692,1287,0.90177375,0.13829899,0.13733335,0.1391503,0.11395712
693,1288,0.8606264,0.8606264,0.8606264,0.8606264,0.8606264
694,1289,0.1904146,0.060041916,0.066319056,0.07462175,0.06151944
695,1290,0.3012933,0.076590955,0.07593948,0.08744178,0.08054933
696,1291,0.8606264,0.79486555,0.83676326,0.83021927,0.81998724
697,1292,0.8355208,0.8419459,0.8785311,0.8606264,0.8606264
698,1293,0.23957892,0.07825786,0.050752282,0.090849355,0.04411645
699,1294,0.06342527,0.079500556,0.07566134,0.12243525,0.06887807
700,1295,0.0970357,0.0970357,0.0970357,0.0970357,0.0970357
701,1296,0.6315747,0.6315747,0.6315747,0.6315747,0.6315747
702,1297,0.13173197,0.053130407,0.052023504,0.06958394,0.043096174
703,1298,0.8419719,0.4700662,0.53490317,0.5243168,0.466379
704,1299,0.12113961,0.1835239,0.24569525,0.24080305,0.24160796
705,1300,0.4032122,0.4032122,0.4032122,0.4032122,0.4032122
706,1301,0.644719,0.057546124,0.03161879,0.043891985,0.032932337
707,1302,0.11106152,0.17741446,0.19004528,0.18268247,0.19605426
708,1303,0.18978792,0.07845833,0.06884825,0.08715248,0.060798083
709,1304,0.15076311,0.16621147,0.1557723,0.15461826,0.1510631
710,1305,0.26645347,0.19443502,0.24076566,0.23743027,0.22253558
711,1306,0.112172514,0.1069699,0.10708646,0.10465831,0.10210096
712,1307,0.18048489,0.18048489,0.18048489,0.18048489,0.18048489
713,1308,0.12581524,0.12475061,0.119621225,0.15812516,0.13577011
714,1309,0.31649452,0.62030405,0.53490317,0.53490317,0.5154597
715,1310,0.18669477,0.18669477,0.18669477,0.18669477,0.18669477
716,1311,0.030085713,0.030085713,0.030085713,0.030085713,0.030085713
717,1312,0.05345849,0.11520558,0.10752214,0.13904528,0.102294564
718,1313,0.10687429,0.08763837,0.098868154,0.108898215,0.08861867
719,1314,0.26572543,0.11321702,0.07336453,0.1103387,0.061933033
720,1315,0.6047207,0.7809855,0.7955889,0.78875864,0.7699275
721,1316,0.2978441,0.3008275,0.31089434,0.32728577,0.3162523
722,1317,0.06197499,0.06197499,0.06197499,0.06197499,0.06197499
723,1318,0.9037614,0.090709984,0.11002574,0.12035638,0.07657884
724,1319,0.19268624,0.19268624,0.19268624,0.19268624,0.19268624
725,1320,0.087239474,0.087239474,0.087239474,0.087239474,0.087239474
726,1321,0.055001862,0.006311048,0.016957914,0.012173569,0.009778845
727,1322,0.074516,0.074516,0.074516,0.074516,0.074516
728,1323,0.69542736,0.19285141,0.18138598,0.22512479,0.1812257
729,1324,0.07002854,0.07002854,0.07002854,0.07002854,0.07002854
730,1325,0.7093121,0.072974175,0.056287467,0.07094909,0.062561825
731,1326,0.42237118,0.42237118,0.42237118,0.42237118,0.42237118
732,1327,0.073135614,0.10213935,0.1326907,0.1324185,0.09237602
733,1328,0.06277793,0.067682594,0.06880963,0.094777666,0.06533571
734,1329,0.046828493,0.046828493,0.046828493,0.046828493,0.046828493
735,1330,0.11577703,0.39260206,0.4031676,0.43875968,0.3655042
736,1331,0.242391,0.18622835,0.19224751,0.19138263,0.18413556
737,1332,0.33645412,0.04905769,0.051086936,0.064577065,0.047388818
738,1333,0.14085932,0.15438738,0.15969193,0.17308202,0.15268685
739,1334,0.09205359,0.10069206,0.10872226,0.1359563,0.103561886
740,1335,0.7093121,0.8351707,0.69542736,0.69542736,0.69542736
741,1336,0.24045856,0.22942966,0.2452516,0.26271987,0.19282044
742,1337,0.1768633,0.1768633,0.1768633,0.1768633,0.1768633
743,1338,0.18142009,0.07195969,0.070455715,0.08349951,0.07821664
744,1339,0.26255304,0.23989066,0.2380717,0.24201037,0.1776474
745,1340,0.13887022,0.09801498,0.09999346,0.10850392,0.0872368
746,1341,0.078109786,0.11587243,0.10586597,0.10723984,0.08904361
747,1342,0.1949887,0.1949887,0.1949887,0.1949887,0.1949887
748,1343,0.08893392,0.09485758,0.04510578,0.09373228,0.052202906
749,1344,0.32190555,0.24416895,0.25967664,0.31089434,0.22864725
750,1345,0.10220909,0.13403937,0.0924708,0.13066763,0.09107714
751,1346,0.24126624,0.24126624,0.24126624,0.24126624,0.24126624
752,1347,0.10118067,0.10118067,0.10118067,0.10118067,0.10118067
753,1348,0.9156528,0.9156528,0.9156528,0.9156528,0.9156528
754,1349,0.5154597,0.5154597,0.5154597,0.5154597,0.5154597
755,1350,0.15604176,0.035227615,0.04745998,0.060505882,0.050819125
756,1351,0.31633538,0.24103723,0.25302815,0.26597807,0.1633291
757,1352,0.10147079,0.11561089,0.100683145,0.11720435,0.10661697
758,1353,0.38362846,0.38362846,0.38362846,0.38362846,0.38362846
759,1354,0.079099596,0.030324316,0.032605823,0.038808357,0.031155543
760,1355,0.07699294,0.10498748,0.12652312,0.12736885,0.09464188
761,1356,0.104671456,0.104671456,0.104671456,0.104671456,0.104671456
762,1357,0.09253378,0.09253378,0.09253378,0.09253378,0.09253378
763,1358,0.7446823,0.7446823,0.7446823,0.7446823,0.7446823
764,1359,0.93232936,0.9480856,0.94963133,0.94835466,0.9480856
765,1360,0.059574686,0.07756466,0.051116206,0.0711934,0.033985436
766,1361,0.07779997,0.12647925,0.16236582,0.1913482,0.12996218
767,1362,0.4434675,0.4434675,0.4434675,0.4434675,0.4434675
768,1363,0.803268,0.803268,0.803268,0.803268,0.803268
769,1364,0.24275218,0.15054359,0.17145213,0.16692466,0.15357016
770,1365,0.22119653,0.22119653,0.22119653,0.22119653,0.22119653
771,1366,0.74445945,0.7417863,0.7681795,0.74663913,0.7450107
772,1367,0.9480856,0.9480856,0.9480856,0.9480856,0.9480856
773,1368,0.5883734,0.09087897,0.072121374,0.10979484,0.08936111
774,1369,0.73263377,0.09906885,0.05510601,0.09511939,0.06324997
775,1370,0.6680375,0.0918875,0.060491104,0.094752245,0.10173018
776,1371,0.071396515,0.071396515,0.071396515,0.071396515,0.071396515
777,1372,0.24184948,0.11335779,0.12872437,0.13385199,0.11352815
778,1373,0.04268836,0.08346338,0.07637942,0.11508521,0.057156824
779,1374,0.35636652,0.35636652,0.35636652,0.35636652,0.35636652
780,1375,0.80948013,0.81638616,0.8415236,0.8355208,0.8326327
781,1376,0.10578328,0.10661816,0.0959517,0.09932255,0.11011235
782,1377,0.13329183,0.07183813,0.0755694,0.1213815,0.06172975
783,1378,0.3854164,0.17652035,0.2399098,0.24292652,0.23969801
784,1379,0.7375852,0.7375852,0.7375852,0.7375852,0.7375852
785,1380,0.10461081,0.053402614,0.041642707,0.06167539,0.04111157
786,1381,0.08358103,0.08358103,0.08358103,0.08358103,0.08358103
787,1382,0.0755571,0.0755571,0.0755571,0.0755571,0.0755571
788,1383,0.919513,0.9227584,0.9343619,0.93795574,0.9017828
789,1384,0.9609308,0.96023786,0.9240308,0.94992846,0.9532022
790,1385,0.095205136,0.1098546,0.11487998,0.14390248,0.10434725
791,1386,0.53490317,0.7797544,0.79447764,0.7923892,0.794439
792,1387,0.53490317,0.17658566,0.24004473,0.22118858,0.24168508
793,1388,0.9397216,0.82637423,0.8392544,0.8355208,0.79473114
794,1389,0.084688,0.058016796,0.046919152,0.05493863,0.03957276
795,1390,0.052060828,0.06071967,0.101525605,0.098130666,0.09859169
796,1391,0.91092265,0.91092265,0.91092265,0.91092265,0.91092265
797,1392,0.1193711,0.036532246,0.02978029,0.059204932,0.019202719
798,1393,0.12830155,0.12830155,0.12830155,0.12830155,0.12830155
799,1394,0.10367573,0.11287116,0.14877373,0.15367977,0.10613164
800,1395,0.5205611,0.32438868,0.5417327,0.31089434,0.55154663
801,1396,0.5876557,0.5154597,0.5196619,0.52884847,0.5078446
802,1397,0.13909619,0.24131852,0.29750705,0.2871799,0.27837822
803,1398,0.06160844,0.09375279,0.051528737,0.09794506,0.037695765
804,1399,0.44080856,0.037176922,0.03583425,0.054499056,0.032192416
805,1400,0.25847954,0.2346929,0.2824469,0.26122135,0.2826566
806,1401,0.53490317,0.53490317,0.53490317,0.53490317,0.53490317
807,1402,0.10606675,0.101026475,0.09243041,0.11933814,0.07121822
808,1403,0.29056266,0.36263388,0.44815975,0.43077546,0.24979359
809,1404,0.4042908,0.4042908,0.4042908,0.4042908,0.4042908
810,1405,0.16169755,0.018652922,0.021936042,0.022855327,0.017196296
811,1406,0.30041176,0.06732267,0.08380526,0.09911586,0.04075315
812,1407,0.18477614,0.18477614,0.18477614,0.18477614,0.18477614
813,1408,0.40897653,0.06265505,0.05445638,0.084216535,0.047374453
814,1409,0.53490317,0.5377177,0.55464315,0.55450016,0.5376783
815,1410,0.79351926,0.047670852,0.04521132,0.057407267,0.0420003
816,1411,0.15102969,0.11749207,0.14953278,0.1533925,0.104188174
817,1412,0.47183722,0.4443857,0.5154597,0.5071245,0.45233282
818,1413,0.30261803,0.3407776,0.23515236,0.27961543,0.28062278
819,1414,0.09121058,0.09121058,0.09121058,0.09121058,0.09121058
820,1415,0.087776914,0.10795801,0.17631176,0.17441401,0.10536455
821,1416,0.04036093,0.04036093,0.04036093,0.04036093,0.04036093
822,1417,0.9017085,0.9017085,0.9017085,0.9017085,0.9017085
823,1418,0.9480856,0.07954642,0.092156574,0.10894204,0.072942905
824,1419,0.1717046,0.15085046,0.16784854,0.17719452,0.17543249
825,1420,0.35563785,0.10979819,0.10518475,0.12742661,0.097645916
826,1421,0.19834499,0.40714595,0.50139815,0.50301605,0.46680704
827,1422,0.65841025,0.10110186,0.13508686,0.14931001,0.10435123
828,1423,0.53490317,0.019285472,0.021894133,0.028801888,0.019534953
829,1424,0.10171692,0.10171692,0.10171692,0.10171692,0.10171692
830,1425,0.0524278,0.0524278,0.0524278,0.0524278,0.0524278
831,1426,0.109391086,0.109391086,0.109391086,0.109391086,0.109391086
832,1427,0.23975809,0.23975809,0.23975809,0.23975809,0.23975809
0,526,0.10887836,0.10887836,0.10887836,0.10887836,0.10887836
1,527,0.58600366,0.55233985,0.6364068,0.6641492,0.57234037
2,528,0.6396545,0.114307255,0.08747344,0.15830873,0.0737703
3,529,0.7093121,0.7093121,0.7093121,0.7093121,0.7093121
4,530,0.7178322,0.7178322,0.7178322,0.7178322,0.7178322
5,531,0.16770281,0.07401995,0.061419018,0.0813241,0.047932718
6,532,0.08250706,0.13779822,0.11081932,0.13774918,0.102019615
7,533,0.5354227,0.15352571,0.1690994,0.16015562,0.1810762
8,534,0.106590554,0.100658886,0.06882062,0.088742636,0.07307583
9,535,0.12669185,0.058244057,0.053444006,0.060499243,0.046614513
10,536,0.77062345,0.77062345,0.77062345,0.77062345,0.77062345
11,537,0.19431098,0.31089434,0.29736337,0.31089434,0.34955907
12,538,0.16677997,0.16677997,0.16677997,0.16677997,0.16677997
13,539,0.8485721,0.9509264,0.9613672,0.9588517,0.9483433
14,540,0.53490317,0.53490317,0.53490317,0.53490317,0.53490317
15,541,0.2898656,0.2898656,0.2898656,0.2898656,0.2898656
16,542,0.48902115,0.08279639,0.09126473,0.1110627,0.08502828
17,543,0.32535014,0.13703173,0.11158334,0.16659038,0.086067505
18,544,0.063944384,0.063944384,0.063944384,0.063944384,0.063944384
19,545,0.08370205,0.08370205,0.08370205,0.08370205,0.08370205
20,546,0.07556654,0.07556654,0.07556654,0.07556654,0.07556654
21,547,0.0710686,0.06294793,0.068559274,0.080637515,0.06858412
22,548,0.055231333,0.055231333,0.055231333,0.055231333,0.055231333
23,549,0.24256878,0.19562224,0.18386878,0.18672378,0.20137607
24,550,0.05253272,0.061978474,0.053229917,0.08239457,0.043659136
25,551,0.9083558,0.9083558,0.9083558,0.9083558,0.9083558
26,552,0.7221284,0.28961313,0.35042202,0.35127014,0.31089434
27,553,0.17968573,0.1518142,0.15848649,0.15476897,0.15074605
28,554,0.12297418,0.111710116,0.14997984,0.16025446,0.14913596
29,555,0.44339734,0.44339734,0.44339734,0.44339734,0.44339734
30,556,0.18279289,0.015666613,0.0339673,0.025620306,0.030546172
31,557,0.44553643,0.08888849,0.07919705,0.11486133,0.07154393
32,558,0.90180296,0.92880625,0.92489636,0.91784006,0.9274606
33,559,0.8060606,0.2267832,0.2415311,0.24229005,0.17998601
34,560,0.061077062,0.050538857,0.04769704,0.06428447,0.04394263
35,561,0.8689309,0.8689309,0.8689309,0.8689309,0.8689309
36,562,0.14894974,0.092519745,0.11771256,0.13063745,0.13178079
37,563,0.104076914,0.053155813,0.08381724,0.09524577,0.06654155
38,564,0.0811482,0.06176074,0.063426316,0.058157332,0.05648562
39,565,0.1417174,0.1417174,0.1417174,0.1417174,0.1417174
40,566,0.04494736,0.07601148,0.05620253,0.10438446,0.04109761
41,567,0.2845025,0.09084023,0.1414149,0.109394826,0.02056379
42,568,0.13124745,0.099541485,0.10862935,0.1050954,0.09309122
43,569,0.9398852,0.9398852,0.9398852,0.9398852,0.9398852
44,570,0.6542055,0.08590891,0.08845452,0.10642645,0.07286356
45,571,0.41234404,0.072862186,0.057974566,0.06998115,0.042730946
46,572,0.34492382,0.05701162,0.110603996,0.09112831,0.05851317
47,573,0.69542736,0.08222598,0.08649724,0.09557274,0.078584716
48,574,0.5618874,0.5521006,0.5876557,0.5876557,0.5579062
49,575,0.4699158,0.038552925,0.079162806,0.059230607,0.030307496
50,576,0.48674384,0.5154597,0.53261226,0.53490317,0.5154597
51,577,0.09959105,0.07523788,0.06021565,0.08395688,0.071504116
52,578,0.6049565,0.1486766,0.1739846,0.15724367,0.15155512
53,579,0.87095004,0.87095004,0.87095004,0.87095004,0.87095004
54,580,0.30810386,0.30810386,0.30810386,0.30810386,0.30810386
55,581,0.24089603,0.24089603,0.24089603,0.24089603,0.24089603
56,582,0.031892933,0.115105286,0.08551955,0.11417784,0.090873495
57,583,0.2709224,0.15964271,0.17997582,0.1637924,0.17027193
58,584,0.18576251,0.12773171,0.15129735,0.15540922,0.12616196
59,585,0.3231164,0.32789072,0.37018847,0.35378438,0.35921392
60,586,0.13080497,0.18307905,0.27784064,0.30067733,0.15296222
61,587,0.0808683,0.08940816,0.07479068,0.09985021,0.068036415
62,588,0.0830071,0.0518658,0.05308608,0.058671918,0.05288486
63,589,0.12701221,0.084392115,0.07520396,0.088173494,0.07159774
64,590,0.61555004,0.10000889,0.104362294,0.111356854,0.09519603
65,591,0.071408115,0.071408115,0.071408115,0.071408115,0.071408115
66,592,0.047400437,0.047400437,0.047400437,0.047400437,0.047400437
67,593,0.40331775,0.53490317,0.5627492,0.5555712,0.559912
68,594,0.33922982,0.33922982,0.33922982,0.33922982,0.33922982
0,62,0.04841263,0.04841263,0.04841263,0.04841263,0.04841263
1,63,0.08222138,0.052772906,0.052897308,0.0636128,0.057206098
2,64,0.14886478,0.047165528,0.04849873,0.062364344,0.03806499
3,65,0.069069795,0.05980317,0.058295574,0.08313498,0.05356542
4,66,0.07053433,0.07487346,0.08600388,0.11475136,0.07463538
5,67,0.56011,0.07937778,0.050474208,0.072563834,0.04198033
6,68,0.0657309,0.0657309,0.0657309,0.0657309,0.0657309
7,69,0.1487221,0.116355486,0.123661876,0.12745824,0.11526117
8,70,0.10430574,0.13994068,0.14886452,0.19554204,0.08647189
9,71,0.09313798,0.09313798,0.09313798,0.09313798,0.09313798
10,72,0.08525332,0.085926,0.10159044,0.09853893,0.073762946
11,73,0.15839894,0.15839894,0.15839894,0.15839894,0.15839894
12,74,0.07376428,0.07474761,0.08993981,0.09995235,0.07218424
13,75,0.14606315,0.14670312,0.19781366,0.17306384,0.12393368
14,76,0.8060606,0.062123638,0.07492427,0.08872124,0.06328027
15,77,0.50349814,0.5471287,0.5154597,0.5339135,0.43913725
16,78,0.24317034,0.2169589,0.25666818,0.3059918,0.18789895
17,79,0.15069018,0.09375279,0.051528737,0.09794506,0.037695765
18,80,0.09384281,0.08047818,0.1080665,0.13749866,0.098756365
19,81,0.3686978,0.3686978,0.3686978,0.3686978,0.3686978
20,82,0.24135603,0.24135603,0.24135603,0.24135603,0.24135603
21,83,0.25493416,0.25493416,0.25493416,0.25493416,0.25493416
22,84,0.03974983,0.026407659,0.05283629,0.04920496,0.025645573
23,85,0.16838692,0.16838692,0.16838692,0.16838692,0.16838692
24,86,0.051960934,0.058804113,0.058136825,0.07998042,0.05403324
25,87,0.9897058,0.98507434,0.9897058,0.9884592,0.98635167
26,88,0.057879597,0.0764755,0.06729405,0.10693315,0.060005043
27,89,0.09122978,0.059763882,0.05674784,0.07472413,0.059998598
28,90,0.733046,0.733046,0.733046,0.733046,0.733046
29,91,0.07769406,0.097816534,0.07844787,0.1488454,0.055413947
30,92,0.17865424,0.050163995,0.058990587,0.0791877,0.10505329
31,93,0.14248328,0.18345806,0.2383508,0.2496662,0.16025177
32,94,0.27574265,0.23328678,0.27247348,0.28111258,0.23952459
33,95,0.07803225,0.07803225,0.07803225,0.07803225,0.07803225
34,96,0.37267208,0.23992671,0.2432005,0.29988682,0.24211013
35,97,0.72782695,0.8567105,0.898466,0.88715774,0.88171273
36,98,0.06773738,0.08427559,0.055528354,0.07061203,0.04789719
37,99,0.40320456,0.057047453,0.10526438,0.08640749,0.056660056
38,100,0.16582248,0.16582248,0.16582248,0.16582248,0.16582248
39,101,0.1065537,0.1065537,0.1065537,0.1065537,0.1065537
40,102,0.052196722,0.06331049,0.052225217,0.08147296,0.042829044
41,103,0.062015958,0.062015958,0.062015958,0.062015958,0.062015958
42,104,0.15060993,0.15060993,0.15060993,0.15060993,0.15060993
43,105,0.49385116,0.49385116,0.49385116,0.49385116,0.49385116
44,106,0.10762452,0.10762452,0.10762452,0.10762452,0.10762452
45,107,0.7683802,0.8420825,0.8785311,0.8606264,0.7627172
46,108,0.7116288,0.91214263,0.9156528,0.91047424,0.85690844
47,109,0.08599247,0.0932826,0.08630909,0.0952641,0.06846678
48,110,0.74458146,0.06991837,0.06371292,0.08564872,0.05625753
49,111,0.31089434,0.31089434,0.31089434,0.31089434,0.31089434
50,112,0.16627884,0.08704586,0.061449178,0.07829346,0.07635641
51,113,0.15319495,0.15319495,0.15319495,0.15319495,0.15319495
52,114,0.0968515,0.041725628,0.034617633,0.053338047,0.03831494
53,115,0.19023146,0.15487179,0.19700816,0.23958117,0.19186087
54,116,0.09582254,0.09582254,0.09582254,0.09582254,0.09582254
55,117,0.5334346,0.0064861574,0.008230365,0.007750178,0.005851216
56,118,0.8606264,0.86000293,0.8606264,0.8606264,0.8606264
57,119,0.05427879,0.04715637,0.059243068,0.06799712,0.050207313
58,120,0.10803431,0.10657344,0.0448762,0.14510675,0.06768995
59,121,0.85721165,0.32907712,0.36992288,0.34618142,0.3753076
60,122,0.09646254,0.14850065,0.1938047,0.22690098,0.17325318
61,123,0.92156917,0.90178066,0.92833203,0.9175194,0.909587
62,124,0.8361633,0.09375281,0.051528737,0.09794506,0.037695765
63,125,0.06411968,0.0661729,0.07080529,0.1022525,0.05557111
64,126,0.7448858,0.7448858,0.7448858,0.7448858,0.7448858
65,127,0.2883464,0.31490526,0.34564787,0.3363474,0.28240007
66,128,0.10041641,0.10041641,0.10041641,0.10041641,0.10041641
67,129,0.13292283,0.13292283,0.13292283,0.13292283,0.13292283
68,130,0.7733526,0.108210415,0.14035225,0.16288975,0.11160559
69,131,0.07324141,0.018373178,0.10362065,0.060361143,0.025451822
70,132,0.24017337,0.0069158487,0.023192024,0.015651258,0.012933793
71,133,0.60473883,0.60473883,0.60473883,0.60473883,0.60473883
72,134,0.1493161,0.1493161,0.1493161,0.1493161,0.1493161
73,135,0.10011053,0.17521153,0.19515423,0.23756364,0.15577383
74,136,0.7684464,0.5154597,0.6364068,0.6324838,0.37911788
75,137,0.73701495,0.21250804,0.28954458,0.24269608,0.20026965
76,138,0.07395221,0.07395221,0.07395221,0.07395221,0.07395221
77,139,0.056972753,0.045354437,0.035569936,0.06570358,0.031637654
78,140,0.44623792,0.09337035,0.07295631,0.124785654,0.07004859
79,141,0.7677346,0.7677346,0.7677346,0.7677346,0.7677346
80,142,0.08895553,0.101659715,0.108079635,0.16880405,0.07209953
81,143,0.8355208,0.49483302,0.54398084,0.53490317,0.53490317
82,144,0.56617296,0.56617296,0.56617296,0.56617296,0.56617296
83,145,0.11837716,0.0034992932,0.0066539794,0.0055356096,0.0083758775
84,146,0.6470056,0.6531654,0.6725272,0.65720737,0.6353516
85,147,0.4305564,0.52460873,0.5597506,0.58809674,0.5373012
86,148,0.8606264,0.8355208,0.8606264,0.8590327,0.857338
87,149,0.098115265,0.07847094,0.10618576,0.1379288,0.086778864
88,150,0.13955769,0.13955769,0.13955769,0.13955769,0.13955769
89,151,0.090854704,0.090854704,0.090854704,0.090854704,0.090854704
90,152,0.07431062,0.052964453,0.0515475,0.07337819,0.06250748
91,153,0.25229532,0.45517188,0.479905,0.47423792,0.45930094
92,154,0.16317767,0.17180942,0.21101949,0.24054463,0.16854864
93,155,0.9480856,0.9181034,0.932567,0.9325749,0.92624944
94,156,0.067485034,0.106573455,0.0448762,0.086767636,0.039197754
95,157,0.08621624,0.08621624,0.08621624,0.08621624,0.08621624
96,158,0.6660526,0.6660526,0.6660526,0.6660526,0.6660526
97,159,0.04957404,0.07276964,0.06799145,0.102613226,0.06358114
98,160,0.05810611,0.06495251,0.058785014,0.06912127,0.061629433
99,161,0.077294305,0.077294305,0.077294305,0.077294305,0.077294305
100,162,0.07338174,0.09857528,0.089616925,0.14902519,0.066375606
101,163,0.8912882,0.9328348,0.94992846,0.9480856,0.9480856
102,164,0.8148583,0.8148583,0.8148583,0.8148583,0.8148583
103,165,0.32055503,0.32055503,0.32055503,0.32055503,0.32055503
104,166,0.05527128,0.05527128,0.05527128,0.05527128,0.05527128
105,167,0.08237279,0.09431292,0.08220542,0.10949755,0.07303774
106,168,0.09062402,0.09062402,0.09062402,0.09062402,0.09062402
107,169,0.1548944,0.1548944,0.1548944,0.1548944,0.1548944
108,170,0.2072943,0.2072943,0.2072943,0.2072943,0.2072943
109,171,0.14681582,0.21226107,0.21362491,0.18773623,0.118630774
110,172,0.53490317,0.55117005,0.5764572,0.5749222,0.5551924
111,173,0.28268492,0.08130774,0.10136429,0.11949653,0.07908103
112,174,0.1279287,0.107933946,0.13407762,0.1452767,0.118005216
113,175,0.80517375,0.006783274,0.021665439,0.011891214,0.0051271073
114,176,0.08195694,0.055520274,0.07652336,0.07958367,0.054043874
115,177,0.06545928,0.04831646,0.05843048,0.06001314,0.0330615
116,178,0.1431282,0.08737089,0.07952436,0.110363364,0.06711019
117,179,0.33947477,0.33947477,0.33947477,0.33947477,0.33947477
118,180,0.4412162,0.14918336,0.1609835,0.15525636,0.151514
119,181,0.05037968,0.05037968,0.05037968,0.05037968,0.05037968
120,182,0.7218481,0.17433563,0.17362632,0.20387071,0.17611054
121,183,0.09472815,0.055380523,0.08922451,0.085172154,0.06944395
122,184,0.63810855,0.82887983,0.87847275,0.85202354,0.84613216
123,185,0.44630036,0.5154597,0.5181615,0.51595634,0.5154597
124,186,0.5202073,0.51196593,0.5892817,0.5621219,0.5876557
125,187,0.052309632,0.08725704,0.11573716,0.14310814,0.08735338
126,188,0.18281862,0.14946665,0.1527616,0.15250377,0.11861177
127,189,0.15996315,0.15996315,0.15996315,0.15996315,0.15996315
128,190,0.5153925,0.052731894,0.05657875,0.06698216,0.053480476
129,191,0.77015066,0.346259,0.40778196,0.40933645,0.35411656
130,192,0.077370524,0.10421792,0.08003642,0.13555117,0.06565212
131,193,0.09669656,0.09669656,0.09669656,0.09669656,0.09669656
132,194,0.09256108,0.069787666,0.089825705,0.0871024,0.082422026
133,195,0.46543556,0.46543556,0.46543556,0.46543556,0.46543556
134,196,0.1300832,0.15041982,0.17228876,0.1547887,0.1412437
135,197,0.31089434,0.46835986,0.51202315,0.50680625,0.4851452
136,198,0.93255967,0.11383104,0.15142873,0.14966719,0.15190418
137,199,0.06805405,0.06805405,0.06805405,0.06805405,0.06805405
138,200,0.08503271,0.08503271,0.08503271,0.08503271,0.08503271
139,201,0.0745478,0.018575441,0.03420236,0.035167653,0.022954715
140,202,0.36830914,0.36830914,0.36830914,0.36830914,0.36830914
141,203,0.35332614,0.31089434,0.36665586,0.35863623,0.23989779
142,204,0.3309003,0.3309003,0.3309003,0.3309003,0.3309003
143,205,0.24961953,0.2455009,0.261277,0.30893472,0.27284533
144,206,0.8355208,0.8355208,0.8355208,0.8355208,0.8355208
145,207,0.47350222,0.6364068,0.69542736,0.69542736,0.6641041
146,208,0.08906212,0.09331126,0.10356546,0.11649701,0.1143148
147,209,0.31089434,0.32720843,0.40339652,0.43449506,0.31849954
148,210,0.71996623,0.31089434,0.31089434,0.32120815,0.27291697
149,211,0.8339652,0.072862186,0.05797455,0.06998115,0.042730946
150,212,0.03074951,0.03074951,0.03074951,0.03074951,0.03074951
151,213,0.059501145,0.05673612,0.048964486,0.09669584,0.027008865
152,214,0.15068401,0.15068401,0.15068401,0.15068401,0.15068401
153,215,0.038389705,0.05216989,0.05180116,0.059255663,0.05255995
154,216,0.21048117,0.21048117,0.21048117,0.21048117,0.21048117
155,217,0.51645374,0.0623252,0.09108717,0.101286955,0.080765195
156,218,0.06691016,0.10199708,0.07756789,0.08718626,0.055186026
157,219,0.19559562,0.21859713,0.22112629,0.24061751,0.17379329
158,220,0.179361,0.19193336,0.31089434,0.26263887,0.24260789
159,221,0.03386619,0.24175444,0.24157304,0.31089434,0.18873183
160,222,0.075475395,0.048788056,0.041196544,0.058985602,0.033470917
161,223,0.9156528,0.9156528,0.9156528,0.9156528,0.9156528
162,224,0.5600389,0.55834013,0.55418825,0.5621585,0.52944434
163,225,0.057445493,0.06269102,0.054813292,0.086470865,0.046558242
164,226,0.34249574,0.34249574,0.34249574,0.34249574,0.34249574
165,227,0.1713044,0.1713044,0.1713044,0.1713044,0.1713044
166,228,0.50019133,0.50019133,0.50019133,0.50019133,0.50019133
167,229,0.0993755,0.07745882,0.09952749,0.115768544,0.10125242
168,230,0.15517358,0.15517358,0.15517358,0.15517358,0.15517358
169,231,0.9157298,0.9157298,0.9157298,0.9157298,0.9157298
170,232,0.55976284,0.55976284,0.55976284,0.55976284,0.55976284
171,233,0.24096897,0.14906336,0.15267698,0.18612663,0.15152656
172,234,0.7093121,0.10344347,0.11191798,0.1521307,0.11039562
173,235,0.10314691,0.10314691,0.10314691,0.10314691,0.10314691
174,236,0.6364068,0.4457185,0.46731,0.45771024,0.40331528
175,237,0.07989666,0.09219022,0.05533082,0.087848514,0.049770422
176,238,0.1846964,0.18390523,0.19501413,0.1964582,0.17961776
177,239,0.1362224,0.17817786,0.24018171,0.24155463,0.1834506
178,240,0.2201938,0.17699891,0.166564,0.16625018,0.16883758
179,241,0.81315136,0.90738946,0.9242137,0.9156528,0.9156528
180,242,0.08009059,0.08009059,0.08009059,0.08009059,0.08009059
181,243,0.100644425,0.100644425,0.100644425,0.100644425,0.100644425
182,244,0.8337418,0.8337418,0.8337418,0.8337418,0.8337418
183,245,0.43745098,0.07942235,0.09404727,0.10677386,0.08819527
184,246,0.73678195,0.5092861,0.52985543,0.51447266,0.5188405
185,247,0.060249664,0.07563383,0.05436508,0.092665434,0.052556727
186,248,0.5333719,0.15529008,0.21640289,0.20598489,0.20781833
187,249,0.30695122,0.30695122,0.30695122,0.30695122,0.30695122
188,250,0.15133958,0.15133958,0.15133958,0.15133958,0.15133958
189,251,0.14987554,0.16172953,0.17283201,0.16879071,0.15470745
190,252,0.6364068,0.083964236,0.088745326,0.110465884,0.085463755
191,253,0.9156528,0.074499995,0.08300528,0.09760611,0.06020374
192,254,0.9897058,0.9897058,0.9897058,0.9897058,0.9897058
193,255,0.040003132,0.05313736,0.0594303,0.076230876,0.060677998
194,256,0.6669994,0.09375281,0.051528737,0.09794506,0.037695765
195,257,0.036803305,0.036803305,0.036803305,0.036803305,0.036803305
196,258,0.19559547,0.111788206,0.06642801,0.13072582,0.07135548
197,259,0.032877117,0.028178371,0.04328052,0.049985833,0.040840417
198,260,0.7696396,0.21818782,0.17927682,0.24265085,0.15309308
199,261,0.03197833,0.062297713,0.056235164,0.073556036,0.054820083
200,262,0.05600297,0.061333388,0.06051963,0.07899183,0.060742293
201,263,0.15129142,0.08360078,0.05145863,0.081918195,0.043408655
202,264,0.08461962,0.08461962,0.08461962,0.08461962,0.08461962
203,265,0.55851805,0.06966753,0.06087483,0.06753657,0.05913826
204,266,0.085686006,0.038310587,0.042006105,0.053575672,0.032470778
205,267,0.080209374,0.13033482,0.15034913,0.16330503,0.10149301
206,268,0.27328917,0.15524425,0.23471077,0.24140972,0.15549047
207,269,0.0903749,0.13148162,0.15230563,0.15423618,0.15074258
208,270,0.15294985,0.07121344,0.060065374,0.084509425,0.07468728
209,271,0.38476345,0.35761878,0.43337363,0.44175747,0.38156465
210,272,0.087600626,0.08054732,0.07250988,0.07185884,0.05502885
211,273,0.4031682,0.15484428,0.24005947,0.31089434,0.18315594
212,274,0.66006,0.25155103,0.27896497,0.2926111,0.28968805
213,275,0.3747581,0.027151443,0.04219808,0.051659312,0.02383443
214,276,0.06871238,0.08899532,0.116198786,0.13483079,0.10662564
215,277,0.90123445,0.88824683,0.9156528,0.90173024,0.9017324
216,278,0.5876557,0.60458577,0.6327703,0.6364068,0.555087
217,279,0.7941791,0.7941791,0.7941791,0.7941791,0.7941791
218,280,0.07733513,0.06491288,0.05747051,0.06941519,0.06251722
219,281,0.24118248,0.32662433,0.35382724,0.3710395,0.2581488
220,282,0.10458391,0.09392275,0.090428345,0.09437268,0.091379076
221,283,0.7093121,0.7685952,0.7787971,0.770198,0.7738836
222,284,0.24208024,0.24208024,0.24208024,0.24208024,0.24208024
223,285,0.9545977,0.9090067,0.91886085,0.9017541,0.9101138
224,286,0.489831,0.489831,0.489831,0.489831,0.489831
225,287,0.030778052,0.08670254,0.054497875,0.08217295,0.0552755
226,288,0.31089434,0.097743526,0.0992987,0.11312266,0.09229737
227,289,0.15071952,0.15071952,0.15071952,0.15071952,0.15071952
228,290,0.27605885,0.055262495,0.0800108,0.068526365,0.063585415
229,291,0.09955517,0.24103305,0.21655025,0.2643864,0.18954535
230,292,0.51336324,0.4691179,0.52555525,0.5452094,0.4669543
231,293,0.48179033,0.48179033,0.48179033,0.48179033,0.48179033
232,294,0.10126702,0.10126702,0.10126702,0.10126702,0.10126702
233,295,0.5876557,0.5876557,0.5876557,0.5876557,0.5876557
234,296,0.66426164,0.07152264,0.040381093,0.07653482,0.048626747
235,297,0.69844663,0.08362931,0.07682841,0.09946649,0.065513976
236,298,0.60976285,0.25161907,0.31089434,0.30462423,0.20224226
237,299,0.15304057,0.052419454,0.03158601,0.056725953,0.031312957
238,300,0.16621335,0.18477596,0.24165353,0.24712029,0.21327442
239,301,0.14244115,0.07843644,0.062527694,0.10265226,0.05443215
240,302,0.18987936,0.11802725,0.23080513,0.20137428,0.105640195
241,303,0.16138244,0.24217503,0.27360037,0.26142722,0.24885485
242,304,0.039566983,0.10754487,0.05528058,0.11175732,0.06649999
243,305,0.1648116,0.03671826,0.053880043,0.05374199,0.037840106
244,306,0.7072278,0.052584,0.049771708,0.06307576,0.053947326
245,307,0.8606264,0.85661983,0.8785311,0.8606264,0.8593192
246,308,0.23098822,0.09159044,0.09754455,0.13176703,0.078645624
247,309,0.11462412,0.049038865,0.059338056,0.06055596,0.059360348
248,310,0.18383698,0.17936063,0.19957052,0.20693943,0.1562405
249,311,0.7687773,0.44076127,0.4831564,0.46989065,0.48992306
250,312,0.403258,0.42977336,0.4455468,0.4362384,0.44935006
251,313,0.077251814,0.077251814,0.077251814,0.077251814,0.077251814
252,314,0.19703627,0.021970622,0.04994343,0.04436422,0.032025013
253,315,0.08282042,0.121320285,0.10773857,0.13960443,0.1106793
254,316,0.16562942,0.16562942,0.16562942,0.16562942,0.16562942
255,317,0.86057556,0.86057556,0.86057556,0.86057556,0.86057556
256,318,0.5876557,0.1038833,0.109978296,0.13499314,0.09961117
257,319,0.74238217,0.054830395,0.034627046,0.047567982,0.028520929
258,320,0.026343009,0.07014883,0.073071785,0.10889997,0.054545887
259,321,0.06181444,0.055789355,0.058874853,0.063700795,0.053321365
260,322,0.69542736,0.69542736,0.69542736,0.69542736,0.69542736
261,323,0.04982783,0.04982783,0.04982783,0.04982783,0.04982783
262,324,0.30548313,0.30548313,0.30548313,0.30548313,0.30548313
263,325,0.04687326,0.053786844,0.05615232,0.070939444,0.053388394
264,326,0.55231047,0.10833456,0.114744656,0.13887061,0.11811026
265,327,0.1221247,0.1221247,0.1221247,0.1221247,0.1221247
266,328,0.15207899,0.09224246,0.09622518,0.10112827,0.07989111
267,329,0.08857831,0.08857831,0.08857831,0.08857831,0.08857831
268,330,0.034049656,0.0023336362,0.005109587,0.004201139,0.0035099408
269,331,0.8796209,0.106573455,0.0448762,0.086767636,0.039197754
270,332,0.49047223,0.03751084,0.053636834,0.0510597,0.04438784
271,333,0.11764767,0.11764767,0.11764767,0.11764767,0.11764767
272,334,0.09328615,0.08083697,0.065390505,0.087017804,0.068851374
273,335,0.23673004,0.10657344,0.0448762,0.08676763,0.039197754
274,336,0.09258821,0.104009144,0.120130256,0.13728382,0.10428862
0,337,0.40986598,0.021587353,0.06923999,0.06272607,0.015369848
1,338,0.26460522,0.26460522,0.26460522,0.26460522,0.26460522
2,339,0.12639911,0.08306724,0.08192182,0.108718336,0.07245797
3,340,0.40336388,0.40336388,0.40336388,0.40336388,0.40336388
4,341,0.104497865,0.055467416,0.054989144,0.07054508,0.051937446
5,342,0.16344741,0.13374335,0.17404565,0.18141992,0.15296602
6,343,0.10420782,0.08385659,0.09288765,0.10671133,0.08186345
7,344,0.42196223,0.42196223,0.42196223,0.42196223,0.42196223
8,345,0.12417546,0.12417546,0.12417546,0.12417546,0.12417546
0,0,0.36454543,0.36454543,0.36454543,0.36454543,0.36454543
1,1,0.11161985,0.10002862,0.07144802,0.10464194,0.05515061
2,2,0.19363183,0.19363183,0.19363183,0.19363183,0.19363183
3,3,0.16805199,0.16092534,0.16459498,0.19868879,0.15007563
4,4,0.069586255,0.069586255,0.069586255,0.069586255,0.069586255
5,5,0.60467786,0.40338975,0.45275608,0.40962052,0.35792625
6,6,0.5876557,0.09375279,0.051528737,0.09794506,0.037695765
7,7,0.07099401,0.081228465,0.056188673,0.07832515,0.059618477
8,8,0.92999506,0.92999506,0.92999506,0.92999506,0.92999506
9,9,0.04241521,0.090906985,0.1087202,0.13577856,0.09659876
10,10,0.1463716,0.10199597,0.061057925,0.13035923,0.054563917
11,11,0.18514988,0.059506565,0.06332553,0.08004171,0.060062647
12,12,0.77974755,0.77974755,0.77974755,0.77974755,0.77974755
13,13,0.06612763,0.038589958,0.042411003,0.054803263,0.04364692
14,14,0.9480856,0.9480856,0.9480856,0.9480856,0.9480856
15,15,0.59392875,0.06408944,0.06806249,0.07168562,0.06475552
16,16,0.8048378,0.0660745,0.059452698,0.08954959,0.049407553
17,17,0.33508337,0.043446504,0.028684357,0.04066716,0.037585367
18,18,0.5345892,0.7654325,0.76869386,0.7684238,0.7683841
19,19,0.06625908,0.061860472,0.06361246,0.0672978,0.06140293
20,20,0.21575539,0.54798836,0.6158038,0.6045856,0.6049397
21,21,0.35175884,0.078498445,0.07910571,0.11674121,0.08158845
22,22,0.15269062,0.15269062,0.15269062,0.15269062,0.15269062
23,23,0.11843934,0.11032726,0.13889949,0.11484452,0.11667617
24,24,0.21342082,0.18953042,0.24168982,0.24161863,0.20798258
25,25,0.026111994,0.057868112,0.045767933,0.061760347,0.04440001
26,26,0.0764278,0.0764278,0.0764278,0.0764278,0.0764278
27,27,0.06959221,0.08683103,0.04707143,0.08921772,0.052882586
28,28,0.93232584,0.93232584,0.93232584,0.93232584,0.93232584
29,29,0.64607996,0.07171703,0.08542263,0.09488664,0.07919254
30,30,0.46100333,0.09269333,0.09926146,0.11209068,0.09416253
31,31,0.026463177,0.026463177,0.026463177,0.026463177,0.026463177
32,32,0.20659216,0.18909553,0.28615317,0.26470366,0.18376453
33,33,0.9323713,0.09375279,0.051528737,0.09794506,0.037695765
34,34,0.6708429,0.08618418,0.09547503,0.10744334,0.08654777
35,35,0.06631899,0.0627226,0.057043932,0.069652975,0.05615039
36,36,0.31494796,0.31494796,0.31494796,0.31494796,0.31494796
37,37,0.071174376,0.056835182,0.039574977,0.08745255,0.039405502
38,38,0.11524104,0.09375279,0.051528737,0.09794506,0.037695765
39,39,0.052188963,0.052188963,0.052188963,0.052188963,0.052188963
40,40,0.69542736,0.4415993,0.46527892,0.46306622,0.44509152
41,41,0.1039094,0.07603318,0.08101548,0.08616288,0.078392096
42,42,0.31089434,0.35827434,0.41988677,0.43121403,0.3596016
43,43,0.12978989,0.038384892,0.03916637,0.051312834,0.043276962
44,44,0.035722226,0.035722226,0.035722226,0.035722226,0.035722226
45,45,0.03756527,0.06892121,0.06639082,0.08459504,0.06301582
46,46,0.8218445,0.8218445,0.8218445,0.8218445,0.8218445
47,47,0.05896715,0.05896715,0.05896715,0.05896715,0.05896715
48,48,0.10653287,0.10653287,0.10653287,0.10653287,0.10653287
49,49,0.08889842,0.08889842,0.08889842,0.08889842,0.08889842
50,50,0.27281052,0.1745785,0.11088196,0.15185636,0.12630789
51,51,0.052114107,0.03974004,0.05295088,0.05747797,0.054166667
52,52,0.07582633,0.061497394,0.052737176,0.072822146,0.054033183
53,53,0.89397275,0.5448159,0.6318938,0.5780638,0.56143445
54,54,0.12075338,0.05641154,0.086556256,0.0874827,0.065924495
55,55,0.08563698,0.07985758,0.067657866,0.09326881,0.06767581
56,56,0.5853701,0.5853701,0.5853701,0.5853701,0.5853701
57,57,0.10043285,0.10043285,0.10043285,0.10043285,0.10043285
58,58,0.6364068,0.6364068,0.6364068,0.6364068,0.6364068
59,59,0.53490317,0.50515324,0.5876557,0.5876557,0.5194926
60,60,0.24405968,0.17573601,0.24048448,0.2553387,0.18480274
